"","W","PTS","O_PTS","FG%","3P%","TRB","AST","STL","TOV","O_FG%","O_3P%","O_TRB","O_AST","O_STL","O_TOV"
"1",1,114,99,0.5,0.462,52,28,13,21,0.426,0.3,40,25,14,19
"2",1,106,95,0.418,0.367,43,24,11,13,0.48,0.435,38,26,10,19
"3",0,116,123,0.482,0.344,37,30,10,18,0.533,0.409,42,24,11,15
"4",1,112,97,0.529,0.4,44,29,17,19,0.435,0.333,43,22,9,26
"5",1,115,107,0.506,0.45,48,24,8,21,0.451,0.333,31,24,14,13
"6",1,117,96,0.505,0.406,52,31,10,16,0.434,0.379,39,21,14,19
"7",1,107,100,0.486,0.313,39,29,6,16,0.398,0.25,47,25,9,14
"8",0,94,112,0.459,0.345,40,22,5,15,0.523,0.44,40,29,11,9
"9",0,85,121,0.364,0.25,32,22,6,7,0.539,0.586,54,28,4,15
"10",0,99,102,0.442,0.318,36,26,13,18,0.463,0.323,43,26,9,19
"11",1,103,95,0.489,0.211,47,27,9,14,0.425,0.407,33,20,6,16
"12",0,120,131,0.506,0.393,45,29,6,15,0.586,0.441,28,36,8,9
"13",0,99,107,0.465,0.385,47,26,4,12,0.489,0.444,43,26,8,12
"14",0,84,92,0.415,0.269,35,19,9,10,0.422,0.31,52,21,6,17
"15",1,102,98,0.366,0.259,55,19,8,13,0.376,0.259,55,20,8,17
"16",1,105,98,0.443,0.308,44,29,10,15,0.417,0.29,43,22,9,18
"17",1,114,112,0.457,0.5,46,25,6,11,0.467,0.333,47,27,5,12
"18",0,101,103,0.429,0.367,43,22,5,12,0.434,0.386,43,22,7,12
"19",1,111,98,0.525,0.5,37,29,9,19,0.494,0.316,36,25,11,16
"20",1,102,93,0.476,0.409,40,23,16,19,0.42,0.25,41,18,12,24
"21",1,110,93,0.495,0.35,47,24,8,13,0.423,0.414,39,27,8,22
"22",0,105,115,0.42,0.31,40,28,8,8,0.5,0.583,46,23,4,11
"23",0,86,112,0.361,0.29,41,18,9,19,0.483,0.419,52,26,12,18
"24",1,142,139,0.437,0.323,64,36,4,14,0.398,0.353,63,32,9,12
"25",1,113,86,0.526,0.357,48,28,8,15,0.346,0.259,33,17,8,13
"26",0,95,120,0.446,0.353,30,16,6,12,0.613,0.385,44,31,9,12
"27",1,117,106,0.505,0.296,48,31,6,10,0.4,0.295,49,25,8,10
"28",0,90,108,0.38,0.3,45,14,7,10,0.404,0.459,54,30,7,12
"29",1,100,95,0.563,0.476,34,24,12,22,0.455,0.424,33,22,10,20
"30",0,130,135,0.538,0.385,43,30,7,12,0.547,0.543,33,31,7,14
"31",0,96,97,0.442,0.333,44,21,12,14,0.449,0.455,44,24,6,15
"32",0,111,119,0.463,0.464,47,19,6,19,0.471,0.455,43,33,10,14
"33",1,110,105,0.432,0.2,47,19,12,15,0.463,0.333,40,28,7,22
"34",1,105,99,0.52,0.364,45,24,8,21,0.402,0.16,46,19,17,11
"35",0,91,103,0.408,0.296,38,19,6,17,0.424,0.357,48,29,7,11
"36",0,97,113,0.364,0.269,35,22,13,13,0.506,0.444,54,23,9,20
"37",0,92,107,0.347,0.185,58,16,10,20,0.442,0.273,50,21,13,17
"38",1,95,91,0.4,0.222,51,24,5,19,0.365,0.226,48,25,12,15
"39",1,123,116,0.494,0.478,52,26,7,17,0.411,0.349,38,28,9,12
"40",1,126,125,0.468,0.29,45,31,8,12,0.459,0.413,53,28,4,14
"41",1,103,76,0.519,0.259,50,30,6,16,0.33,0.13,40,16,11,13
"42",1,122,117,0.539,0.344,47,36,13,19,0.443,0.341,44,22,8,16
"43",1,107,100,0.471,0.438,39,28,10,12,0.432,0.35,49,21,7,19
"44",0,107,123,0.456,0.32,39,31,3,11,0.524,0.478,47,21,7,17
"45",1,115,87,0.389,0.407,53,23,16,15,0.351,0.261,57,19,7,25
"46",1,90,83,0.434,0.333,53,18,6,19,0.41,0.348,32,16,9,9
"47",0,88,104,0.373,0.344,43,19,6,13,0.489,0.321,50,33,10,11
"48",0,103,109,0.462,0.353,36,32,8,10,0.469,0.458,45,24,4,16
"49",0,114,121,0.44,0.357,33,26,6,5,0.552,0.45,52,28,4,11
"50",1,97,92,0.409,0.393,45,25,10,13,0.375,0.231,51,22,9,14
"51",0,94,101,0.373,0.405,46,24,5,13,0.415,0.45,50,12,9,11
"52",1,96,88,0.436,0.321,46,26,7,13,0.33,0.267,53,21,10,12
"53",0,112,117,0.441,0.321,39,29,8,12,0.513,0.423,44,27,5,13
"54",1,113,103,0.482,0.387,47,30,6,17,0.42,0.3,37,22,14,11
"55",1,117,114,0.514,0.531,30,28,6,13,0.533,0.393,39,35,7,12
"56",1,115,104,0.554,0.548,32,31,5,13,0.463,0.423,35,27,7,10
"57",1,110,106,0.402,0.475,42,28,6,17,0.468,0.321,41,30,9,15
"58",1,117,108,0.43,0.5,47,26,6,10,0.471,0.323,42,22,7,11
"59",1,117,108,0.506,0.415,45,20,5,14,0.429,0.385,44,28,10,7
"60",1,108,98,0.5,0.385,44,29,6,12,0.442,0.32,42,25,4,11
"61",0,106,117,0.385,0.273,33,25,8,3,0.505,0.4,57,27,2,14
"62",0,123,127,0.457,0.371,47,26,6,21,0.467,0.4,37,26,12,14
"63",1,120,109,0.516,0.344,48,33,10,18,0.468,0.323,30,28,8,17
"64",1,128,98,0.562,0.471,47,39,8,10,0.437,0.36,38,29,7,11
"65",1,113,109,0.439,0.406,44,23,6,9,0.443,0.111,51,18,6,7
"66",1,109,104,0.414,0.333,39,24,6,9,0.526,0.258,41,17,6,15
"67",1,113,107,0.476,0.371,47,28,8,16,0.394,0.368,52,24,9,12
"68",1,107,102,0.42,0.308,45,24,9,11,0.417,0.345,46,22,4,13
"69",1,116,108,0.475,0.464,39,21,13,22,0.473,0.258,47,23,16,22
"70",0,98,114,0.391,0.294,40,21,9,18,0.484,0.24,55,22,10,14
"71",1,103,99,0.462,0.419,47,28,4,12,0.407,0.303,41,20,3,10
"72",1,100,80,0.465,0.432,51,22,14,21,0.379,0.28,40,18,13,17
"73",1,117,104,0.544,0.394,37,34,2,10,0.44,0.296,42,26,4,8
"74",1,110,102,0.43,0.303,53,19,10,13,0.43,0.229,39,24,6,18
"75",1,109,100,0.512,0.407,43,27,5,16,0.437,0.393,45,20,13,13
"76",1,130,120,0.468,0.341,50,31,8,15,0.453,0.316,49,23,9,13
"77",1,112,108,0.532,0.333,35,32,8,16,0.451,0.241,40,19,9,15
"78",0,100,103,0.398,0.324,42,24,8,16,0.526,0.364,35,27,9,14
"79",1,117,116,0.452,0.364,45,27,6,11,0.408,0.4,48,28,9,9
"80",0,91,114,0.407,0.212,38,21,6,12,0.467,0.306,51,19,7,10
"81",1,114,105,0.451,0.368,51,31,7,13,0.36,0.258,49,18,8,12
"82",1,112,94,0.451,0.324,46,31,12,8,0.44,0.261,43,26,6,17
"83",1,103,94,0.437,0.303,52,20,6,16,0.378,0.292,49,22,7,13
"84",0,88,118,0.344,0.161,45,14,12,15,0.506,0.407,58,26,9,19
"85",1,109,101,0.539,0.481,45,27,10,19,0.42,0.36,38,21,11,13
"86",0,95,99,0.402,0.25,46,20,12,15,0.419,0.333,49,24,7,16
"87",1,119,110,0.553,0.364,43,20,5,20,0.424,0.429,41,20,11,16
"88",0,109,129,0.398,0.286,36,22,5,9,0.576,0.417,50,23,4,15
"89",0,92,111,0.395,0.323,45,18,7,19,0.459,0.395,51,26,13,13
"90",0,105,122,0.437,0.4,42,19,7,15,0.535,0.565,45,24,11,13
"91",1,127,122,0.433,0.342,54,22,9,13,0.422,0.325,56,21,10,14
"92",0,93,111,0.382,0.3,40,20,9,17,0.45,0.441,48,23,8,18
"93",0,113,118,0.494,0.407,50,25,5,21,0.489,0.412,35,26,17,10
"94",1,116,111,0.482,0.346,42,18,11,15,0.4,0.297,58,18,7,17
"95",1,107,97,0.384,0.314,61,19,7,15,0.385,0.222,49,11,8,10
"96",0,101,117,0.442,0.371,46,22,6,26,0.452,0.324,51,29,19,12
"97",1,120,118,0.533,0.484,39,26,4,15,0.468,0.308,44,23,11,11
"98",0,89,101,0.423,0.222,44,13,5,15,0.419,0.292,46,11,9,9
"99",0,108,116,0.451,0.3,52,21,6,19,0.432,0.273,46,19,14,12
"100",0,95,105,0.462,0.37,40,21,6,22,0.394,0.296,46,19,11,13
"101",0,97,117,0.402,0.345,48,22,5,17,0.478,0.304,53,25,11,12
"102",0,95,104,0.412,0.214,50,22,10,16,0.422,0.344,50,16,12,16
"103",0,112,137,0.441,0.341,38,29,9,16,0.5,0.477,52,30,9,13
"104",0,109,119,0.449,0.269,41,20,7,13,0.522,0.526,44,18,8,9
"105",0,86,112,0.395,0.2,38,14,2,16,0.474,0.409,50,22,7,8
"106",0,106,109,0.438,0.371,33,20,3,15,0.482,0.478,40,23,7,10
"107",0,90,95,0.42,0.2,49,17,4,20,0.354,0.222,58,23,16,13
"108",0,97,106,0.372,0.393,44,20,7,19,0.43,0.4,49,20,11,14
"109",0,95,103,0.421,0.382,42,19,8,21,0.46,0.263,45,21,8,11
"110",0,110,114,0.418,0.273,55,20,6,16,0.412,0.36,54,21,9,12
"111",0,99,108,0.432,0.4,48,19,4,22,0.446,0.304,46,16,11,14
"112",0,103,112,0.463,0.324,32,23,8,12,0.506,0.409,41,25,7,12
"113",0,125,129,0.523,0.389,42,30,7,17,0.568,0.467,39,27,16,10
"114",1,120,112,0.46,0.5,55,23,7,12,0.415,0.348,43,22,5,9
"115",0,104,122,0.465,0.5,32,20,6,18,0.494,0.455,44,30,13,13
"116",0,95,98,0.361,0.314,41,23,7,10,0.4,0.241,51,20,7,12
"117",0,104,111,0.431,0.419,41,16,2,15,0.539,0.4,33,20,8,10
"118",1,98,96,0.432,0.345,46,22,1,10,0.435,0.217,51,17,8,6
"119",1,126,98,0.453,0.276,61,25,11,17,0.366,0.28,50,16,14,19
"120",0,101,106,0.404,0.281,50,22,11,13,0.429,0.303,53,21,7,16
"121",1,121,111,0.532,0.258,44,26,8,11,0.495,0.4,42,26,9,14
"122",1,91,82,0.39,0.303,51,21,11,19,0.375,0.292,44,19,9,19
"123",1,107,106,0.424,0.323,44,24,15,13,0.444,0.458,52,14,6,17
"124",0,98,104,0.405,0.281,38,22,8,8,0.481,0.484,42,25,4,13
"125",1,109,93,0.494,0.382,44,25,8,15,0.395,0.316,37,23,8,17
"126",1,122,100,0.488,0.375,43,30,12,11,0.426,0.273,52,23,8,18
"127",1,104,98,0.463,0.308,37,24,8,8,0.463,0.235,46,24,5,12
"128",0,111,113,0.409,0.415,57,22,1,11,0.478,0.273,45,18,8,5
"129",1,100,96,0.411,0.345,44,25,11,11,0.464,0.25,49,25,9,16
"130",0,90,105,0.411,0.29,39,20,6,10,0.476,0.462,40,24,7,10
"131",0,114,119,0.506,0.55,44,30,3,15,0.512,0.419,34,28,9,9
"132",1,107,102,0.438,0.364,52,16,3,10,0.374,0.375,47,26,9,8
"133",0,89,112,0.397,0.333,40,21,7,13,0.489,0.429,44,21,7,11
"134",1,97,87,0.473,0.278,39,24,5,10,0.372,0.29,41,18,6,11
"135",0,120,125,0.436,0.389,50,30,6,14,0.453,0.37,51,32,10,10
"136",1,87,77,0.341,0.286,51,13,7,5,0.382,0.148,57,21,3,12
"137",1,109,88,0.482,0.409,59,23,4,12,0.374,0.265,40,22,6,8
"138",1,117,113,0.457,0.44,44,30,5,10,0.489,0.485,40,29,5,12
"139",1,103,91,0.44,0.278,48,25,6,10,0.396,0.318,52,20,5,9
"140",1,91,82,0.387,0.192,54,18,9,8,0.402,0.357,46,26,6,16
"141",0,109,121,0.513,0.375,39,24,3,11,0.506,0.452,35,17,6,6
"142",1,123,112,0.463,0.375,43,25,8,11,0.438,0.3,51,22,6,14
"143",1,107,85,0.471,0.423,51,28,11,12,0.351,0.258,50,18,10,15
"144",1,113,78,0.5,0.48,51,24,9,14,0.337,0.233,33,10,7,12
"145",1,112,105,0.476,0.467,46,26,7,13,0.432,0.415,40,30,9,12
"146",0,99,109,0.389,0.25,43,24,7,8,0.538,0.4,47,22,5,14
"147",0,103,113,0.413,0.304,43,26,6,14,0.476,0.393,41,23,7,12
"148",0,106,109,0.48,0.324,34,24,4,11,0.519,0.407,38,27,6,9
"149",1,111,107,0.392,0.269,51,19,6,7,0.453,0.333,45,26,3,15
"150",0,95,107,0.435,0.308,47,26,8,21,0.448,0.325,42,22,13,17
"151",0,102,107,0.435,0.351,40,24,6,8,0.471,0.412,50,26,3,13
"152",0,99,105,0.436,0.355,33,19,11,15,0.477,0.364,51,24,9,18
"153",1,100,88,0.407,0.355,50,21,10,10,0.457,0.4,41,29,3,15
"154",1,121,81,0.595,0.476,43,34,6,7,0.408,0.185,31,19,4,10
"155",0,122,125,0.451,0.283,50,32,5,9,0.505,0.412,47,33,4,10
"156",0,109,115,0.462,0.241,44,25,4,6,0.446,0.35,50,29,6,10
"157",1,98,93,0.427,0.375,41,23,8,7,0.367,0.333,44,21,6,12
"158",1,105,90,0.5,0.4,33,28,12,7,0.44,0.324,45,26,3,15
"159",0,105,112,0.422,0.263,42,18,6,9,0.554,0.36,38,26,6,12
"160",1,120,106,0.483,0.467,41,29,8,7,0.506,0.375,39,25,6,12
"161",0,108,118,0.488,0.25,31,25,7,2,0.622,0.467,42,31,1,14
"162",1,122,114,0.465,0.472,43,26,10,6,0.5,0.485,49,32,4,13
"163",0,99,112,0.449,0.32,36,19,2,6,0.476,0.525,40,23,5,6
"164",0,114,121,0.452,0.321,42,22,5,7,0.517,0.436,43,35,2,9
"165",1,105,99,0.391,0.44,55,25,5,12,0.5,0.348,36,22,6,11
"166",1,118,101,0.523,0.429,47,34,8,12,0.489,0.389,33,34,8,13
"167",0,104,117,0.44,0.348,42,15,4,12,0.517,0.429,40,32,7,5
"168",1,112,80,0.472,0.158,56,26,7,8,0.388,0.3,39,28,6,14
"169",1,106,95,0.402,0.333,52,21,7,10,0.418,0.308,49,19,3,12
"170",0,90,96,0.352,0.19,46,22,15,14,0.407,0.25,60,17,12,23
"171",1,111,105,0.49,0.167,49,31,11,12,0.542,0.385,33,30,5,18
"172",0,110,112,0.422,0.304,50,16,8,15,0.484,0.375,38,25,9,9
"173",1,95,91,0.438,0.235,51,24,7,20,0.402,0.321,43,21,12,12
"174",1,105,100,0.452,0.125,47,17,8,11,0.462,0.25,43,25,5,12
"175",0,94,99,0.437,0.267,42,20,7,9,0.442,0.286,48,24,3,14
"176",0,69,95,0.304,0.238,50,17,7,12,0.463,0.4,53,26,7,11
"177",1,113,82,0.598,0.5,46,34,9,13,0.41,0.13,32,19,8,11
"178",0,97,107,0.4,0.286,49,25,4,14,0.524,0.167,44,23,7,10
"179",1,90,85,0.386,0.24,48,17,10,13,0.42,0.36,40,26,5,16
"180",1,101,99,0.398,0.231,54,20,8,18,0.43,0.406,37,21,9,14
"181",0,96,116,0.398,0.37,37,23,9,11,0.566,0.6,42,29,7,12
"182",1,118,111,0.467,0.304,45,23,10,10,0.494,0.474,34,24,7,14
"183",1,123,118,0.392,0.393,60,25,5,14,0.435,0.258,41,20,11,10
"184",0,94,109,0.41,0.368,38,18,7,11,0.566,0.292,42,30,5,12
"185",1,107,99,0.426,0.4,63,22,10,10,0.464,0.304,42,27,3,11
"186",0,98,99,0.451,0.429,43,23,6,13,0.474,0.393,36,27,5,12
"187",1,102,99,0.41,0.353,48,22,7,11,0.44,0.346,40,20,7,9
"188",0,114,119,0.457,0.296,41,18,6,6,0.518,0.567,39,29,5,13
"189",0,88,100,0.423,0.231,43,19,7,21,0.461,0.375,40,25,14,10
"190",1,121,108,0.506,0.571,49,29,8,10,0.444,0.357,43,26,8,12
"191",1,105,94,0.479,0.412,37,22,8,17,0.455,0.25,34,15,9,16
"192",1,104,103,0.422,0.24,51,23,2,7,0.468,0.378,31,24,2,7
"193",1,128,121,0.469,0.462,46,31,14,12,0.527,0.333,43,27,8,18
"194",0,107,125,0.458,0.385,35,26,10,12,0.563,0.433,45,26,6,16
"195",1,94,87,0.439,0.263,49,19,9,15,0.386,0.2,41,23,10,15
"196",0,91,101,0.422,0.353,45,26,11,19,0.482,0.24,37,20,7,14
"197",0,94,115,0.388,0.231,49,24,9,18,0.416,0.319,54,26,11,17
"198",0,91,98,0.374,0.393,45,22,6,5,0.424,0.355,52,26,2,11
"199",1,95,86,0.475,0.368,39,24,7,10,0.383,0.28,49,15,6,14
"200",1,117,95,0.588,0.478,36,36,12,11,0.443,0.35,44,18,6,15
"201",0,107,117,0.407,0.417,39,22,9,14,0.554,0.32,46,23,10,18
"202",1,99,93,0.422,0.48,51,26,11,12,0.446,0.37,44,23,6,15
"203",1,106,104,0.471,0.4,40,25,6,12,0.444,0.393,45,25,4,13
"204",1,122,75,0.539,0.462,54,33,12,12,0.345,0.185,37,18,5,16
"205",1,112,73,0.432,0.467,62,28,15,12,0.326,0.091,48,17,8,18
"206",1,117,88,0.479,0.371,51,31,12,14,0.368,0.333,42,17,6,18
"207",1,105,99,0.409,0.297,40,17,8,9,0.452,0.286,50,21,6,20
"208",1,128,120,0.518,0.5,46,22,4,11,0.478,0.386,32,30,5,7
"209",1,128,122,0.488,0.412,42,24,6,8,0.479,0.344,39,25,4,8
"210",0,106,110,0.374,0.262,39,21,12,6,0.506,0.379,50,22,1,19
"211",1,100,93,0.424,0.368,53,25,3,9,0.379,0.379,45,23,7,5
"212",1,121,117,0.53,0.394,46,26,4,17,0.479,0.448,40,24,11,8
"213",1,104,81,0.482,0.44,52,26,4,13,0.312,0.316,44,23,5,7
"214",1,137,125,0.533,0.583,41,30,6,10,0.522,0.448,38,27,6,9
"215",1,128,90,0.506,0.465,47,30,9,14,0.407,0.229,39,29,5,13
"216",0,94,113,0.406,0.375,36,12,5,18,0.472,0.419,47,33,7,11
"217",1,114,84,0.554,0.375,47,23,7,11,0.344,0.222,46,18,6,13
"218",1,116,105,0.575,0.419,40,25,8,17,0.453,0.37,39,24,5,14
"219",1,103,86,0.457,0.387,46,21,8,17,0.407,0.182,43,19,10,15
"220",1,119,108,0.517,0.455,44,30,8,8,0.477,0.432,41,30,3,11
"221",1,113,102,0.494,0.556,42,30,3,11,0.468,0.409,39,24,7,8
"222",1,119,99,0.455,0.229,51,28,12,11,0.447,0.267,44,22,6,19
"223",1,109,108,0.389,0.343,44,20,14,12,0.481,0.3,42,25,8,19
"224",1,124,118,0.518,0.368,46,29,7,18,0.506,0.324,29,26,15,11
"225",1,90,82,0.378,0.194,56,16,9,11,0.364,0.423,45,26,6,13
"226",0,94,106,0.41,0.32,44,13,6,15,0.482,0.433,43,23,8,12
"227",1,118,103,0.506,0.452,36,29,7,12,0.435,0.211,46,23,10,14
"228",0,115,118,0.495,0.382,47,25,7,18,0.5,0.385,46,32,6,13
"229",0,112,116,0.488,0.395,47,29,9,18,0.453,0.355,47,29,13,11
"230",1,124,116,0.533,0.361,47,26,4,14,0.494,0.485,37,23,9,10
"231",1,107,91,0.446,0.276,51,22,9,10,0.37,0.231,55,20,5,16
"232",1,125,97,0.539,0.405,48,37,10,10,0.436,0.333,38,26,7,13
"233",1,125,109,0.548,0.5,45,30,9,15,0.402,0.324,45,23,8,12
"234",1,113,104,0.476,0.462,40,23,6,8,0.465,0.5,43,30,2,11
"235",1,119,104,0.529,0.395,44,29,5,12,0.416,0.308,50,24,4,12
"236",0,99,117,0.463,0.378,40,24,5,12,0.495,0.5,47,34,6,7
"237",1,102,95,0.5,0.357,45,20,4,16,0.446,0.367,33,27,3,8
"238",0,98,106,0.449,0.333,52,15,3,17,0.429,0.457,38,23,7,7
"239",1,128,96,0.597,0.633,41,29,4,9,0.374,0.211,45,20,6,8
"240",1,91,83,0.419,0.273,52,14,6,10,0.415,0.238,47,18,6,16
"241",0,115,127,0.494,0.364,32,24,6,13,0.598,0.444,40,24,10,11
"242",1,122,105,0.526,0.448,49,30,8,8,0.488,0.333,42,26,7,17
"243",1,135,130,0.495,0.419,56,29,7,13,0.457,0.39,46,32,6,9
"244",1,122,102,0.537,0.5,42,30,9,12,0.384,0.333,43,23,8,14
"245",0,100,114,0.481,0.25,38,23,5,13,0.506,0.432,42,39,7,11
"246",0,83,98,0.368,0.27,42,20,5,15,0.465,0.308,48,20,8,8
"247",0,98,106,0.438,0.276,34,13,11,9,0.471,0.469,41,21,6,18
"248",0,95,105,0.41,0.357,44,18,5,12,0.45,0.387,42,21,9,14
"249",1,86,75,0.375,0.237,46,14,12,15,0.366,0.207,51,14,11,27
"250",0,64,80,0.288,0.2,45,9,3,17,0.403,0.36,48,16,7,12
"251",0,104,124,0.452,0.458,44,23,7,16,0.506,0.469,43,26,11,9
"252",1,91,81,0.416,0.37,46,19,7,12,0.39,0.25,42,17,8,13
"253",0,87,94,0.429,0.333,37,16,5,11,0.465,0.579,42,16,7,11
"254",1,107,82,0.46,0.419,42,31,11,10,0.451,0.231,43,9,4,20
"255",0,101,109,0.416,0.361,35,23,4,7,0.506,0.167,53,21,2,12
"256",0,89,120,0.41,0.333,40,17,7,20,0.56,0.455,40,28,10,14
"257",1,111,103,0.488,0.469,33,23,8,8,0.464,0.56,38,21,5,13
"258",1,112,92,0.584,0.462,34,22,9,9,0.422,0.28,43,19,6,16
"259",0,85,95,0.41,0.32,30,19,13,11,0.507,0.294,50,18,4,19
"260",1,99,79,0.442,0.394,44,20,10,11,0.395,0.258,42,16,7,15
"261",0,107,123,0.414,0.395,38,22,6,9,0.526,0.531,47,23,7,16
"262",1,113,105,0.474,0.531,42,20,4,12,0.446,0.367,38,27,6,9
"263",0,95,102,0.456,0.31,31,18,6,10,0.447,0.412,53,15,4,15
"264",0,82,97,0.39,0.25,41,18,7,14,0.405,0.5,47,19,8,10
"265",1,98,87,0.468,0.414,41,21,8,11,0.438,0.238,44,20,7,12
"266",0,107,112,0.448,0.348,43,21,4,12,0.458,0.348,53,17,8,14
"267",1,122,73,0.494,0.436,49,27,9,10,0.384,0.143,32,11,3,17
"268",1,103,95,0.47,0.231,36,19,10,7,0.424,0.304,55,17,4,18
"269",1,104,97,0.453,0.281,40,19,11,9,0.467,0.375,42,17,6,17
"270",1,113,95,0.465,0.385,51,22,10,11,0.455,0.273,39,21,5,13
"271",0,113,114,0.493,0.429,30,16,6,7,0.488,0.393,55,17,6,15
"272",1,112,105,0.506,0.25,37,21,12,11,0.459,0.448,43,26,8,21
"273",1,112,80,0.495,0.486,51,32,10,14,0.39,0.13,40,16,8,14
"274",0,98,111,0.455,0.333,37,21,7,12,0.494,0.471,41,28,5,12
"275",1,96,83,0.462,0.462,43,24,12,17,0.397,0.208,45,21,7,19
"276",1,96,89,0.434,0.5,42,18,5,13,0.446,0.346,45,21,11,13
"277",1,104,100,0.476,0.185,45,23,5,8,0.463,0.321,39,16,4,10
"278",1,104,89,0.488,0.28,37,24,6,8,0.402,0.091,49,19,4,15
"279",1,122,111,0.542,0.548,41,25,5,14,0.467,0.367,44,25,9,11
"280",1,105,96,0.423,0.424,47,16,5,15,0.436,0.29,35,23,9,12
"281",0,98,100,0.378,0.346,48,17,2,13,0.458,0.286,40,18,5,11
"282",0,87,112,0.359,0.324,39,24,8,11,0.551,0.433,46,34,10,16
"283",1,97,95,0.463,0.346,34,26,11,9,0.45,0.333,45,18,6,17
"284",0,86,94,0.378,0.25,40,20,10,12,0.481,0.429,44,22,9,14
"285",0,91,92,0.413,0.345,39,23,12,14,0.435,0.261,48,17,10,17
"286",0,89,102,0.432,0.308,44,26,1,9,0.417,0.321,58,26,6,6
"287",0,91,109,0.398,0.3,42,24,8,13,0.488,0.429,53,31,7,16
"288",0,113,115,0.38,0.261,61,19,10,17,0.459,0.313,45,23,10,15
"289",0,101,125,0.404,0.361,44,26,7,18,0.541,0.467,44,33,15,15
"290",0,95,106,0.429,0.36,42,15,6,15,0.511,0.222,37,23,11,9
"291",1,120,104,0.484,0.471,49,23,8,14,0.494,0.4,35,14,8,16
"292",0,111,113,0.47,0.16,59,29,7,19,0.457,0.348,44,23,8,11
"293",1,105,91,0.488,0.364,49,31,4,8,0.388,0.259,49,15,3,10
"294",1,110,107,0.43,0.455,55,26,5,10,0.453,0.333,48,22,6,6
"295",0,129,132,0.475,0.353,52,34,9,16,0.5,0.5,40,29,11,12
"296",0,98,106,0.418,0.318,55,28,3,19,0.441,0.375,48,26,14,6
"297",0,110,128,0.442,0.29,54,22,5,16,0.511,0.459,41,25,11,11
"298",1,132,120,0.512,0.484,36,27,10,15,0.466,0.348,41,22,6,14
"299",1,127,114,0.556,0.37,41,26,6,10,0.438,0.348,35,18,6,11
"300",1,117,107,0.563,0.52,41,32,7,11,0.538,0.56,29,21,4,12
"301",0,108,109,0.474,0.32,46,27,3,15,0.43,0.32,40,26,10,8
"302",1,105,103,0.519,0.357,38,29,6,15,0.447,0.28,43,29,8,8
"303",0,122,124,0.464,0.407,45,29,5,10,0.437,0.485,44,25,5,11
"304",0,113,120,0.5,0.474,32,29,6,14,0.523,0.379,33,26,7,8
"305",0,99,127,0.453,0.28,38,25,7,13,0.567,0.5,41,34,5,7
"306",1,140,112,0.578,0.469,47,37,10,15,0.468,0.414,34,26,9,16
"307",1,125,112,0.584,0.333,39,33,11,14,0.511,0.32,34,28,6,14
"308",1,123,98,0.529,0.417,45,30,4,10,0.417,0.313,35,23,5,7
"309",1,103,93,0.461,0.385,43,28,7,14,0.412,0.318,40,19,6,11
"310",1,127,120,0.512,0.391,46,29,5,12,0.539,0.417,28,21,8,11
"311",0,99,119,0.4,0.36,45,25,7,17,0.489,0.467,46,28,6,8
"312",1,121,117,0.449,0.321,48,31,8,14,0.542,0.375,38,26,9,18
"313",1,110,87,0.5,0.393,49,28,7,15,0.43,0.308,29,25,8,10
"314",1,132,110,0.545,0.585,52,34,6,22,0.489,0.25,27,25,12,9
"315",0,99,112,0.404,0.324,49,25,4,14,0.477,0.333,45,20,12,7
"316",1,129,109,0.505,0.452,51,32,11,13,0.494,0.333,42,27,7,19
"317",0,98,105,0.44,0.324,39,26,9,12,0.45,0.333,49,21,9,15
"318",0,102,112,0.45,0.3,45,21,5,13,0.456,0.593,43,25,8,5
"319",1,108,96,0.5,0.433,40,28,11,17,0.434,0.375,40,20,9,15
"320",0,113,123,0.529,0.464,39,31,6,16,0.568,0.423,43,31,10,11
"321",1,119,99,0.529,0.387,50,24,11,18,0.42,0.364,34,19,11,18
"322",1,129,101,0.536,0.447,42,36,9,15,0.433,0.3,46,17,10,16
"323",1,129,114,0.535,0.536,48,31,7,10,0.524,0.5,34,26,5,9
"324",0,105,109,0.427,0.323,45,28,9,13,0.458,0.208,48,20,5,14
"325",1,126,113,0.531,0.423,44,35,7,6,0.506,0.405,38,22,4,10
"326",0,90,115,0.379,0.24,48,21,3,9,0.495,0.333,60,29,6,9
"327",1,122,106,0.551,0.406,50,31,9,21,0.475,0.13,33,19,11,11
"328",0,105,106,0.476,0.324,42,22,6,12,0.417,0.24,54,19,7,12
"329",1,108,82,0.505,0.368,53,27,8,12,0.347,0.308,44,20,8,9
"330",1,98,83,0.443,0.25,58,23,8,15,0.391,0.235,40,22,10,12
"331",1,102,89,0.461,0.615,48,19,7,10,0.407,0.318,43,18,6,11
"332",1,103,86,0.476,0.35,47,22,9,13,0.33,0.28,48,15,8,16
"333",1,104,88,0.467,0.313,47,25,4,9,0.375,0.185,51,16,3,15
"334",0,92,94,0.43,0.35,50,22,5,5,0.402,0.387,46,22,3,8
"335",0,96,99,0.414,0.412,39,19,7,14,0.449,0.323,46,22,4,15
"336",1,107,84,0.494,0.316,49,22,8,13,0.36,0.269,37,19,5,14
"337",1,108,97,0.522,0.474,42,26,7,10,0.479,0.333,33,26,4,14
"338",0,92,98,0.442,0.37,44,16,8,12,0.532,0.304,39,23,8,10
"339",1,102,91,0.455,0.381,44,24,10,9,0.44,0.133,45,15,6,14
"340",0,79,97,0.39,0.263,34,15,15,15,0.559,0.412,42,24,11,20
"341",0,90,105,0.381,0.333,40,22,6,8,0.482,0.316,51,20,6,9
"342",0,86,98,0.361,0.261,46,17,2,17,0.427,0.4,38,25,9,8
"343",0,113,119,0.506,0.345,36,22,12,13,0.558,0.407,41,35,9,22
"344",1,106,90,0.446,0.571,45,25,12,12,0.38,0.393,47,19,8,21
"345",0,94,119,0.443,0.25,44,28,4,10,0.571,0.5,38,36,8,7
"346",0,116,121,0.495,0.345,42,31,5,10,0.581,0.563,34,26,7,11
"347",1,115,114,0.402,0.357,56,24,2,7,0.407,0.385,49,20,4,5
"348",1,118,95,0.495,0.4,60,27,6,12,0.385,0.24,32,22,1,12
"349",1,113,112,0.494,0.393,49,25,9,20,0.429,0.308,47,23,12,11
"350",0,104,109,0.5,0.357,38,27,8,15,0.488,0.429,43,25,10,14
"351",1,118,98,0.545,0.385,42,28,9,10,0.5,0.238,35,21,6,14
"352",1,116,108,0.449,0.423,49,24,7,10,0.494,0.294,40,25,5,13
"353",1,113,96,0.465,0.227,60,22,8,12,0.424,0.179,41,19,8,13
"354",1,121,102,0.526,0.25,52,32,11,14,0.43,0.261,41,21,7,21
"355",0,92,103,0.424,0.294,35,22,8,10,0.5,0.474,52,27,4,18
"356",1,98,91,0.439,0.316,55,15,2,15,0.38,0.27,39,22,10,6
"357",1,114,108,0.411,0.405,57,29,5,8,0.413,0.233,50,19,5,7
"358",0,98,104,0.432,0.364,45,22,8,17,0.4,0.343,52,22,9,14
"359",1,120,113,0.433,0.28,48,23,13,7,0.524,0.4,50,25,5,24
"360",1,109,95,0.489,0.286,48,26,7,6,0.41,0.286,37,21,3,10
"361",1,106,101,0.466,0.346,45,22,6,7,0.464,0.282,42,24,4,9
"362",1,112,92,0.479,0.333,51,27,14,7,0.439,0.433,44,26,4,18
"363",0,83,97,0.419,0.231,39,14,6,7,0.468,0.464,43,28,6,15
"364",0,75,87,0.349,0.15,49,14,5,12,0.385,0.333,53,19,5,12
"365",1,112,95,0.435,0.48,63,26,2,12,0.354,0.273,47,16,10,4
"366",0,96,97,0.424,0.296,51,20,7,12,0.456,0.238,44,18,5,12
"367",1,90,89,0.419,0.389,53,20,6,16,0.38,0.323,46,17,4,12
"368",0,102,105,0.519,0.333,45,22,5,14,0.471,0.333,36,29,7,11
"369",0,101,105,0.457,0.385,36,22,9,10,0.506,0.368,48,27,8,17
"370",0,100,129,0.471,0.212,35,24,11,16,0.48,0.5,55,25,13,13
"371",1,122,96,0.517,0.467,46,27,9,15,0.402,0.37,41,20,8,16
"372",1,116,106,0.5,0.457,38,35,14,15,0.488,0.333,43,26,8,19
"373",1,116,95,0.581,0.515,39,33,3,15,0.395,0.214,42,20,10,7
"374",1,133,120,0.517,0.485,43,32,8,16,0.511,0.333,38,27,10,13
"375",1,149,106,0.616,0.528,48,47,7,10,0.43,0.4,37,22,5,11
"376",1,115,102,0.556,0.5,45,25,9,18,0.461,0.286,32,22,8,13
"377",1,105,100,0.435,0.343,41,25,6,14,0.424,0.241,50,20,11,18
"378",0,127,132,0.413,0.273,54,31,12,17,0.444,0.318,56,26,11,19
"379",1,138,109,0.628,0.667,38,37,9,17,0.451,0.344,36,24,8,14
"380",1,142,106,0.519,0.378,54,45,12,11,0.412,0.2,40,20,10,14
"381",1,103,90,0.469,0.281,57,41,7,17,0.409,0.238,49,19,10,11
"382",1,135,90,0.586,0.5,56,36,7,15,0.395,0.286,31,16,7,11
"383",1,104,74,0.444,0.391,50,24,13,10,0.355,0.3,44,13,5,23
"384",1,121,111,0.568,0.609,51,33,4,20,0.388,0.371,45,24,13,7
"385",1,108,99,0.5,0.333,43,31,5,13,0.419,0.25,40,22,11,10
"386",1,127,119,0.526,0.44,43,33,7,13,0.475,0.257,48,33,10,14
"387",1,125,117,0.506,0.361,39,31,14,15,0.449,0.462,44,23,8,17
"388",0,119,128,0.494,0.267,44,23,7,16,0.485,0.394,47,29,13,12
"389",1,107,95,0.453,0.407,48,28,6,11,0.422,0.2,46,25,6,11
"390",1,127,107,0.562,0.517,37,39,14,18,0.489,0.214,40,20,10,19
"391",1,126,91,0.505,0.441,58,37,10,16,0.352,0.265,35,11,7,15
"392",1,121,100,0.541,0.476,46,35,11,18,0.422,0.286,36,23,11,18
"393",1,144,98,0.62,0.5,48,35,9,11,0.439,0.429,32,24,7,14
"394",1,126,111,0.49,0.438,47,35,9,10,0.443,0.29,45,33,4,10
"395",1,123,92,0.565,0.536,45,37,9,12,0.402,0.167,44,25,7,14
"396",1,109,86,0.488,0.361,46,32,10,8,0.371,0.292,50,23,4,18
"397",1,123,113,0.531,0.52,53,31,11,21,0.409,0.393,38,23,11,14
"398",1,112,95,0.42,0.355,52,30,10,11,0.404,0.286,52,25,8,16
"399",0,86,99,0.44,0.2,46,23,8,17,0.44,0.345,45,28,12,12
"400",1,106,104,0.364,0.438,43,24,12,18,0.438,0.296,52,28,10,21
"401",1,122,92,0.575,0.385,47,36,14,12,0.372,0.259,49,15,7,19
"402",1,117,92,0.6,0.522,44,30,5,12,0.404,0.333,35,19,8,11
"403",1,114,100,0.494,0.323,44,37,14,12,0.482,0.476,37,27,7,19
"404",1,106,94,0.549,0.548,37,30,9,18,0.447,0.276,37,21,11,13
"405",1,107,98,0.453,0.344,43,27,10,10,0.374,0.324,48,20,6,13
"406",1,139,115,0.568,0.444,44,34,7,16,0.467,0.37,38,28,9,14
"407",1,121,107,0.524,0.438,40,33,9,13,0.427,0.211,50,22,9,13
"408",1,123,101,0.51,0.303,53,37,2,9,0.488,0.238,34,24,3,8
"409",0,99,105,0.488,0.36,42,25,5,13,0.446,0.371,49,29,8,11
"410",1,109,94,0.456,0.333,54,26,14,20,0.441,0.235,40,23,13,18
"411",1,93,92,0.42,0.355,47,16,5,17,0.372,0.355,43,17,8,9
"412",0,100,106,0.382,0.319,46,22,6,14,0.539,0.278,35,21,6,10
"413",1,115,88,0.484,0.425,55,20,6,17,0.378,0.227,39,18,10,12
"414",1,126,109,0.484,0.438,54,26,6,13,0.456,0.357,41,24,6,12
"415",1,111,102,0.447,0.375,39,28,8,4,0.513,0.444,43,22,3,12
"416",0,102,115,0.487,0.333,39,29,6,26,0.489,0.522,38,28,14,14
"417",1,107,106,0.447,0.316,46,20,8,16,0.424,0.344,42,27,7,11
"418",1,134,95,0.543,0.417,52,35,20,20,0.391,0.25,39,14,13,27
"419",1,109,87,0.5,0.514,48,31,4,15,0.405,0.324,32,18,7,9
"420",1,122,118,0.462,0.395,39,23,10,14,0.525,0.35,41,21,9,19
"421",1,132,98,0.588,0.524,47,40,8,16,0.424,0.344,40,27,8,15
"422",1,122,100,0.447,0.393,57,27,7,14,0.408,0.333,47,17,4,11
"423",0,100,102,0.38,0.158,51,22,10,16,0.468,0.522,43,21,13,19
"424",1,131,115,0.5,0.349,47,28,11,20,0.426,0.233,53,17,14,17
"425",1,140,116,0.556,0.35,45,29,12,13,0.469,0.394,38,22,8,15
"426",1,129,122,0.457,0.382,46,30,3,13,0.448,0.313,48,21,7,7
"427",1,101,91,0.43,0.308,41,25,9,13,0.437,0.231,45,23,9,17
"428",1,118,116,0.477,0.385,43,27,6,9,0.451,0.4,54,15,6,9
"429",1,121,114,0.488,0.436,44,25,8,10,0.478,0.442,43,30,3,11
"430",0,105,110,0.402,0.244,31,19,9,12,0.539,0.37,45,25,8,22
"431",1,111,92,0.453,0.318,46,25,9,10,0.398,0.25,50,26,8,18
"432",0,108,125,0.448,0.2,41,26,8,14,0.528,0.395,41,30,8,14
"433",1,105,83,0.447,0.311,60,28,4,14,0.349,0.276,45,22,9,11
"434",0,108,113,0.376,0.255,37,19,11,9,0.518,0.267,56,26,8,20
"435",1,121,117,0.449,0.372,48,24,7,11,0.48,0.32,53,30,7,14
"436",1,128,104,0.494,0.421,42,31,9,10,0.477,0.24,47,28,7,16
"437",1,133,102,0.494,0.5,55,27,8,21,0.394,0.364,42,20,8,19
"438",0,109,117,0.414,0.325,41,22,6,8,0.524,0.371,46,27,3,11
"439",1,142,130,0.468,0.379,32,32,15,13,0.521,0.346,58,28,10,23
"440",0,108,117,0.364,0.222,39,22,8,10,0.451,0.433,55,29,7,15
"441",1,123,108,0.5,0.429,43,25,10,14,0.443,0.286,46,26,8,13
"442",0,108,115,0.443,0.25,31,22,9,8,0.539,0.387,45,21,2,16
"443",1,117,112,0.427,0.356,52,25,10,6,0.525,0.395,38,24,3,15
"444",1,139,100,0.549,0.419,50,37,13,19,0.462,0.12,38,16,10,22
"445",1,125,124,0.506,0.447,35,27,12,12,0.512,0.414,48,26,7,19
"446",1,117,107,0.473,0.359,59,29,5,18,0.451,0.368,36,28,9,10
"447",1,137,125,0.633,0.513,36,32,8,19,0.5,0.367,41,27,15,16
"448",0,106,113,0.388,0.161,38,20,9,14,0.511,0.268,44,33,9,16
"449",1,110,104,0.425,0.294,56,19,7,16,0.394,0.184,51,26,10,12
"450",0,109,114,0.414,0.314,49,25,3,11,0.426,0.346,55,27,5,6
"451",1,123,118,0.464,0.339,47,37,11,10,0.527,0.478,49,37,7,15
"452",1,130,121,0.505,0.526,52,30,11,16,0.433,0.375,49,26,8,15
"453",1,115,108,0.471,0.357,43,19,10,15,0.449,0.214,44,14,8,19
"454",1,111,94,0.535,0.462,36,27,8,11,0.43,0.333,40,17,8,16
"455",1,122,115,0.544,0.474,43,25,9,16,0.484,0.389,43,23,11,17
"456",0,99,105,0.419,0.222,40,17,9,13,0.438,0.32,47,22,7,13
"457",1,88,69,0.389,0.32,49,22,9,9,0.321,0.2,52,12,3,14
"458",1,103,93,0.5,0.357,40,22,8,10,0.407,0.367,51,19,3,18
"459",0,96,116,0.474,0.143,35,18,5,18,0.474,0.346,46,21,14,11
"460",0,83,120,0.32,0.261,49,13,5,11,0.444,0.361,60,31,9,12
"461",0,85,96,0.405,0.259,37,16,15,18,0.424,0.25,56,17,11,21
"462",1,118,97,0.552,0.423,47,25,11,14,0.456,0.324,38,24,8,19
"463",1,91,70,0.435,0.263,52,26,8,13,0.314,0.167,40,11,9,20
"464",1,118,111,0.482,0.517,39,24,11,13,0.488,0.432,41,22,6,17
"465",1,110,94,0.489,0.472,42,24,4,11,0.333,0.385,46,16,8,13
"466",1,107,105,0.471,0.333,41,18,6,15,0.432,0.242,49,19,5,15
"467",0,102,109,0.427,0.304,50,20,5,19,0.413,0.256,44,19,10,10
"468",1,111,101,0.481,0.368,42,26,7,11,0.417,0.261,47,17,8,13
"469",1,117,104,0.5,0.409,46,28,5,11,0.433,0.263,42,25,6,10
"470",1,121,109,0.516,0.455,44,23,7,6,0.456,0.447,45,22,5,13
"471",1,123,109,0.5,0.458,53,25,11,19,0.46,0.387,32,25,9,17
"472",1,98,95,0.506,0.263,45,26,11,16,0.434,0.4,38,18,7,14
"473",0,103,109,0.442,0.269,37,18,7,11,0.461,0.364,43,19,8,14
"474",1,115,111,0.487,0.357,29,19,14,10,0.5,0.52,43,22,7,19
"475",1,120,101,0.54,0.238,42,28,9,10,0.41,0.282,41,21,7,15
"476",1,105,84,0.484,0.292,41,22,11,6,0.413,0.353,43,18,2,21
"477",1,93,90,0.379,0.308,37,19,7,10,0.386,0.25,61,17,6,16
"478",0,117,132,0.5,0.52,38,24,7,12,0.548,0.444,39,24,7,9
"479",0,100,116,0.479,0.455,36,19,2,14,0.479,0.548,37,28,7,6
"480",0,106,110,0.487,0.45,37,21,8,11,0.46,0.467,49,18,7,11
"481",0,98,111,0.5,0.222,35,21,7,11,0.518,0.517,39,23,5,10
"482",1,102,92,0.513,0.423,50,23,8,16,0.417,0.333,39,20,11,11
"483",1,115,98,0.5,0.478,46,27,3,5,0.438,0.269,45,20,4,10
"484",1,102,98,0.427,0.333,46,12,2,9,0.415,0.281,54,18,4,8
"485",1,98,77,0.534,0.429,42,26,8,14,0.4,0.13,30,15,9,10
"486",1,107,100,0.437,0.5,43,21,9,7,0.455,0.24,49,20,5,10
"487",0,117,125,0.505,0.542,39,19,9,12,0.476,0.259,45,23,8,13
"488",1,107,94,0.427,0.412,51,16,9,9,0.398,0.341,48,19,7,14
"489",0,114,115,0.494,0.278,37,25,8,14,0.474,0.45,35,22,10,14
"490",1,108,90,0.438,0.48,43,16,7,11,0.447,0.217,40,11,7,13
"491",1,104,89,0.475,0.32,44,20,15,16,0.465,0.458,32,21,8,21
"492",1,104,86,0.476,0.417,41,21,5,10,0.417,0.379,37,19,5,18
"493",1,88,75,0.41,0.222,49,17,8,13,0.397,0.368,43,18,8,18
"494",1,116,98,0.5,0.375,44,21,8,16,0.417,0.333,44,19,11,20
"495",0,83,85,0.391,0.318,41,22,13,17,0.405,0.25,52,14,8,21
"496",1,114,82,0.539,0.52,46,28,8,10,0.366,0.333,39,14,5,11
"497",1,111,80,0.437,0.344,55,24,9,7,0.352,0.2,47,16,4,14
"498",1,127,95,0.533,0.56,43,32,17,11,0.442,0.303,37,18,6,21
"499",0,107,111,0.457,0.36,35,15,13,8,0.488,0.577,43,24,6,15
"500",1,102,95,0.468,0.407,38,20,6,13,0.429,0.3,41,17,7,12
"501",1,123,115,0.527,0.4,42,23,5,14,0.5,0.421,32,19,10,11
"502",0,102,111,0.444,0.333,51,19,5,20,0.494,0.357,36,21,9,9
"503",0,98,115,0.391,0.308,47,15,3,13,0.472,0.226,46,32,11,10
"504",1,133,105,0.574,0.472,40,34,10,10,0.482,0.421,34,25,3,16
"505",1,121,120,0.472,0.478,38,26,9,12,0.506,0.476,42,25,6,15
"506",1,119,102,0.547,0.444,37,32,7,12,0.433,0.282,46,22,5,12
"507",1,106,101,0.47,0.393,40,18,8,12,0.402,0.316,55,19,8,12
"508",0,88,90,0.459,0.448,41,17,9,20,0.425,0.241,42,21,13,12
"509",0,102,106,0.464,0.36,38,22,6,11,0.439,0.355,51,22,10,14
"510",1,109,98,0.463,0.438,51,17,1,19,0.382,0.133,48,22,11,12
"511",1,115,106,0.507,0.391,45,23,5,13,0.432,0.393,43,30,6,9
"512",1,98,86,0.419,0.3,51,27,8,11,0.369,0.259,50,14,6,15
"513",1,105,96,0.513,0.346,49,23,11,21,0.424,0.222,35,21,8,13
"514",1,113,97,0.522,0.357,42,28,6,7,0.45,0.476,40,21,3,14
"515",1,120,98,0.549,0.429,47,27,9,15,0.424,0.333,36,18,10,15
"516",0,101,104,0.483,0.182,41,24,9,11,0.476,0.313,43,25,3,13
"517",0,120,133,0.5,0.4,37,24,7,15,0.525,0.412,46,38,10,11
"518",1,99,84,0.468,0.378,40,24,18,16,0.405,0.269,45,20,5,20
"519",0,97,105,0.443,0.304,36,18,9,12,0.427,0.346,51,23,9,13
"520",1,124,121,0.464,0.313,47,27,14,9,0.475,0.45,43,16,1,16
"521",0,103,122,0.447,0.353,36,26,8,7,0.425,0.385,62,21,3,16
"522",1,116,102,0.534,0.45,47,23,7,13,0.41,0.286,37,22,9,11
"523",1,112,100,0.494,0.32,41,25,13,13,0.476,0.333,41,28,11,16
"524",0,96,97,0.467,0.208,42,23,3,15,0.447,0.345,36,22,8,11
"525",1,108,78,0.513,0.308,54,27,4,14,0.386,0.185,40,15,5,12
"526",1,114,105,0.494,0.323,43,25,8,9,0.449,0.25,48,24,6,12
"527",1,108,95,0.452,0.259,47,14,9,10,0.43,0.308,43,22,5,14
"528",0,97,98,0.41,0.345,45,20,7,9,0.452,0.464,46,23,5,12
"529",1,133,124,0.566,0.4,41,27,6,10,0.495,0.382,43,22,7,10
"530",1,115,104,0.551,0.44,39,24,8,17,0.433,0.261,41,26,12,11
"531",1,112,101,0.507,0.387,40,22,11,15,0.442,0.355,44,24,5,16
"532",1,125,96,0.505,0.385,49,29,9,9,0.393,0.225,41,23,5,15
"533",1,115,95,0.518,0.357,43,29,4,6,0.494,0.455,37,27,2,10
"534",1,120,114,0.506,0.343,39,21,10,15,0.512,0.241,39,29,10,14
"535",1,117,97,0.474,0.267,51,26,9,16,0.453,0.156,40,26,13,20
"536",1,119,108,0.456,0.435,53,22,8,19,0.44,0.3,40,20,8,17
"537",0,97,109,0.487,0.385,37,20,6,16,0.524,0.435,37,24,11,11
"538",1,125,118,0.446,0.321,55,24,9,11,0.455,0.293,47,23,8,14
"539",0,107,116,0.448,0.48,45,24,6,13,0.564,0.417,34,30,8,12
"540",0,110,118,0.441,0.419,37,26,11,10,0.517,0.364,56,27,6,16
"541",1,111,109,0.506,0.519,35,25,8,17,0.489,0.407,40,29,11,15
"542",0,85,109,0.356,0.227,45,20,12,18,0.518,0.393,44,31,10,17
"543",1,109,94,0.442,0.4,53,20,7,9,0.443,0.343,38,25,5,12
"544",0,101,107,0.448,0.357,43,15,8,10,0.475,0.406,39,26,5,12
"545",0,115,119,0.46,0.346,49,18,4,15,0.474,0.433,44,26,8,7
"546",0,112,118,0.477,0.357,41,26,7,14,0.488,0.455,44,21,9,10
"547",1,111,102,0.476,0.32,48,18,7,13,0.435,0.345,42,24,9,15
"548",0,100,102,0.47,0.25,40,19,8,14,0.507,0.346,39,19,6,19
"549",0,89,101,0.471,0.368,34,15,8,15,0.494,0.452,42,24,8,15
"550",0,114,123,0.402,0.469,43,19,8,7,0.56,0.588,40,18,5,16
"551",1,116,102,0.512,0.515,43,34,5,9,0.39,0.323,39,18,6,10
"552",1,127,100,0.5,0.357,62,22,6,11,0.413,0.25,41,17,5,10
"553",1,111,95,0.483,0.25,47,23,8,13,0.378,0.269,54,24,5,18
"554",0,87,108,0.386,0.375,38,18,7,10,0.506,0.333,50,25,6,11
"555",0,97,102,0.434,0.231,50,19,2,14,0.432,0.36,46,24,6,7
"556",0,121,127,0.435,0.367,43,28,11,12,0.568,0.423,45,29,5,17
"557",1,108,95,0.471,0.424,51,27,15,23,0.425,0.391,37,24,17,20
"558",1,120,116,0.528,0.462,44,25,7,15,0.414,0.556,51,26,12,11
"559",0,96,97,0.458,0.414,43,22,10,17,0.493,0.292,38,23,9,17
"560",0,98,119,0.46,0.318,44,16,8,18,0.521,0.476,46,37,12,12
"561",0,104,109,0.488,0.375,39,22,9,14,0.447,0.41,45,25,3,12
"562",0,95,115,0.425,0.25,34,23,11,14,0.512,0.303,46,30,7,18
"563",0,97,105,0.458,0.357,49,22,7,25,0.404,0.375,44,23,12,13
"564",0,116,118,0.5,0.2,40,24,10,15,0.519,0.417,34,28,8,16
"565",0,103,107,0.452,0.379,40,24,7,14,0.488,0.167,43,22,7,14
"566",0,120,125,0.516,0.407,40,23,5,5,0.529,0.361,44,19,4,10
"567",0,109,133,0.467,0.3,41,23,8,8,0.536,0.455,48,23,4,15
"568",1,130,119,0.523,0.609,42,26,6,20,0.484,0.333,37,32,13,13
"569",0,81,97,0.393,0.238,42,19,6,10,0.404,0.429,61,24,8,13
"570",0,108,119,0.506,0.364,43,21,6,18,0.511,0.261,41,24,12,12
"571",1,108,103,0.471,0.368,51,14,11,13,0.5,0.433,33,29,8,14
"572",1,98,94,0.442,0.167,41,20,12,14,0.507,0.4,40,27,5,23
"573",1,110,109,0.488,0.37,40,26,10,16,0.5,0.2,41,27,8,14
"574",1,108,96,0.477,0.364,47,24,15,11,0.468,0.318,39,29,5,16
"575",1,102,98,0.45,0.458,45,19,6,13,0.419,0.333,45,20,6,10
"576",1,112,103,0.443,0.484,47,24,9,14,0.442,0.2,40,19,8,14
"577",1,89,83,0.351,0.296,52,20,12,17,0.37,0.324,43,17,8,21
"578",0,88,99,0.369,0.346,48,26,4,18,0.376,0.296,47,19,17,11
"579",0,94,100,0.383,0.231,44,15,9,13,0.451,0.424,37,19,7,15
"580",1,108,107,0.512,0.292,32,29,14,14,0.5,0.417,39,24,6,22
"581",1,93,71,0.382,0.111,46,15,8,9,0.391,0.318,34,16,5,16
"582",0,81,90,0.354,0.211,51,14,3,17,0.388,0.387,44,17,8,8
"583",0,85,104,0.404,0.241,42,21,10,12,0.439,0.346,47,24,3,13
"584",1,95,94,0.418,0.389,39,18,9,10,0.446,0.25,42,15,5,17
"585",1,103,100,0.466,0.333,43,32,13,11,0.432,0.333,44,16,7,18
"586",1,96,91,0.384,0.118,53,18,8,13,0.39,0.341,45,21,5,16
"587",1,88,86,0.356,0.3,58,13,8,12,0.305,0.25,52,13,6,12
"588",1,110,89,0.437,0.308,47,23,10,10,0.442,0.333,42,15,6,23
"589",1,93,85,0.432,0.522,55,22,9,16,0.373,0.36,39,10,10,11
"590",0,92,96,0.377,0.2,47,19,7,13,0.388,0.292,45,18,5,11
"591",0,73,82,0.301,0.087,48,12,8,8,0.455,0.296,42,18,4,15
"592",0,109,112,0.404,0.4,52,23,10,13,0.407,0.324,41,22,7,11
"593",1,115,109,0.506,0.52,38,23,8,10,0.427,0.385,40,27,5,13
"594",1,114,80,0.524,0.591,39,24,8,12,0.338,0.182,39,9,5,18
"595",1,88,79,0.436,0.375,37,19,11,13,0.389,0.391,43,14,8,17
"596",0,104,108,0.421,0.344,50,24,6,10,0.513,0.235,47,18,8,12
"597",1,107,91,0.458,0.393,58,21,6,15,0.408,0.207,35,18,9,10
"598",0,95,119,0.371,0.265,41,19,10,12,0.513,0.381,46,27,11,12
"599",1,101,99,0.462,0.455,45,18,3,9,0.424,0.294,45,16,6,8
"600",1,89,74,0.395,0.211,50,18,8,13,0.366,0.211,44,11,8,16
"601",1,110,91,0.486,0.583,41,24,6,22,0.333,0.217,46,13,12,15
"602",0,107,122,0.391,0.346,47,20,6,18,0.506,0.455,34,31,14,12
"603",0,91,95,0.371,0.182,48,22,8,15,0.493,0.444,38,18,10,12
"604",1,130,112,0.558,0.48,39,24,6,10,0.518,0.333,32,22,6,12
"605",0,109,122,0.442,0.4,37,23,7,15,0.534,0.467,41,16,12,16
"606",0,98,114,0.446,0.35,34,26,6,9,0.513,0.367,47,24,2,14
"607",0,90,107,0.378,0.172,41,22,11,13,0.5,0.5,46,22,9,18
"608",1,113,93,0.519,0.519,37,30,11,12,0.463,0.538,32,21,6,16
"609",1,104,96,0.421,0.433,35,20,7,10,0.44,0.321,42,18,2,15
"610",1,110,97,0.466,0.375,43,22,8,8,0.435,0.4,43,19,5,12
"611",1,99,90,0.467,0.407,47,23,4,13,0.382,0.353,38,15,7,8
"612",0,100,103,0.474,0.346,38,21,7,13,0.435,0.452,44,19,8,12
"613",1,101,88,0.507,0.556,38,20,3,12,0.432,0.214,41,20,8,6
"614",0,90,103,0.48,0.429,30,23,12,15,0.476,0.5,46,21,8,18
"615",0,93,100,0.393,0.32,48,18,4,14,0.44,0.265,37,21,9,12
"616",0,91,97,0.372,0.412,52,19,2,19,0.38,0.318,49,20,10,8
"617",0,99,106,0.463,0.35,36,19,7,12,0.451,0.556,44,20,4,15
"618",1,108,96,0.43,0.448,45,24,10,15,0.382,0.217,53,12,4,15
"619",0,95,98,0.409,0.448,46,22,8,13,0.416,0.375,48,18,7,10
"620",0,91,102,0.469,0.294,39,21,5,8,0.494,0.3,45,12,5,9
"621",0,90,93,0.404,0.304,48,13,11,23,0.463,0.353,35,18,14,19
"622",1,96,73,0.402,0.233,59,19,5,7,0.329,0.304,48,20,4,13
"623",0,107,110,0.494,0.355,39,18,3,9,0.507,0.36,34,23,5,6
"624",0,104,112,0.475,0.2,41,24,6,13,0.482,0.407,40,26,4,9
"625",0,103,114,0.427,0.44,46,21,8,10,0.49,0.28,53,22,6,10
"626",1,112,101,0.511,0.346,47,25,6,11,0.464,0.217,37,17,8,14
"627",1,95,89,0.451,0.28,58,23,4,15,0.371,0.333,38,14,8,8
"628",0,98,102,0.409,0.222,47,20,5,4,0.434,0.28,50,17,1,10
"629",0,95,105,0.522,0.375,41,23,7,23,0.456,0.321,37,21,13,11
"630",0,130,136,0.463,0.4,48,22,4,10,0.495,0.5,47,24,3,11
"631",1,115,107,0.536,0.5,47,25,7,12,0.444,0.368,40,18,7,13
"632",0,94,106,0.439,0.318,32,14,10,12,0.512,0.263,46,21,3,17
"633",0,98,107,0.455,0.538,34,25,6,10,0.488,0.409,48,16,7,12
"634",1,109,103,0.467,0.31,52,21,11,15,0.4,0.231,49,21,8,17
"635",1,99,95,0.479,0.45,40,16,4,13,0.451,0.389,33,17,4,9
"636",1,109,97,0.532,0.433,39,18,8,11,0.418,0.333,41,17,6,11
"637",1,105,102,0.442,0.433,45,20,9,13,0.466,0.267,43,27,9,14
"638",1,116,103,0.525,0.5,38,18,6,11,0.517,0.333,42,11,6,12
"639",1,104,96,0.476,0.423,34,22,9,11,0.425,0.154,53,16,7,16
"640",1,116,93,0.484,0.375,47,23,10,12,0.395,0.269,43,13,10,15
"641",1,125,102,0.585,0.545,49,28,6,21,0.417,0.261,33,20,10,15
"642",0,107,116,0.47,0.273,37,14,7,14,0.489,0.571,52,18,9,14
"643",1,113,95,0.487,0.419,43,23,9,16,0.4,0.333,43,21,8,15
"644",1,125,98,0.544,0.433,42,24,9,13,0.435,0.353,40,16,7,19
"645",1,120,92,0.523,0.529,48,20,6,10,0.479,0.407,33,20,4,15
"646",1,108,101,0.435,0.415,46,22,8,12,0.463,0.333,39,14,7,12
"647",1,104,89,0.486,0.393,35,21,8,12,0.375,0.133,48,7,6,12
"648",1,120,112,0.506,0.457,45,23,9,15,0.477,0.409,38,21,9,13
"649",1,123,105,0.588,0.308,40,29,6,15,0.5,0.167,28,14,6,11
"650",0,104,115,0.466,0.3,39,18,8,9,0.506,0.5,43,13,4,11
"651",1,112,97,0.438,0.407,49,17,13,14,0.439,0.25,41,14,5,24
"652",0,84,101,0.39,0.261,36,20,8,16,0.443,0.261,51,10,9,17
"653",0,94,98,0.41,0.242,41,17,5,13,0.475,0.375,39,25,9,14
"654",0,113,116,0.483,0.481,41,26,3,10,0.506,0.25,40,25,9,8
"655",1,124,121,0.463,0.364,46,28,9,13,0.494,0.4,47,19,7,21
"656",1,110,102,0.523,0.333,51,19,2,17,0.483,0.269,34,18,9,10
"657",0,96,107,0.424,0.188,46,23,4,8,0.449,0.304,51,27,5,10
"658",1,110,108,0.466,0.364,44,25,14,14,0.44,0.324,45,23,12,18
"659",1,125,107,0.573,0.444,41,32,10,21,0.469,0.435,32,29,14,21
"660",1,117,91,0.5,0.424,53,28,12,15,0.393,0.357,36,27,8,14
"661",0,106,112,0.44,0.333,48,23,4,11,0.438,0.36,47,22,9,10
"662",1,106,96,0.529,0.389,35,20,9,12,0.449,0.2,32,20,8,13
"663",0,121,124,0.517,0.5,41,27,7,13,0.442,0.368,45,30,8,12
"664",1,93,89,0.407,0.276,37,25,16,13,0.416,0.28,54,21,8,24
"665",0,99,105,0.506,0.414,38,26,4,11,0.463,0.438,38,18,3,9
"666",1,118,101,0.535,0.368,43,27,15,17,0.427,0.359,35,17,7,19
"667",1,112,103,0.471,0.25,46,25,9,11,0.374,0.268,46,21,6,14
"668",0,96,97,0.411,0.25,43,16,4,14,0.43,0.286,46,26,6,14
"669",1,115,107,0.519,0.417,41,19,8,10,0.435,0.425,44,25,7,15
"670",0,110,114,0.468,0.429,43,26,11,15,0.476,0.353,46,32,7,17
"671",1,108,97,0.474,0.55,42,32,8,8,0.473,0.25,41,23,5,16
"672",0,108,114,0.46,0.259,51,22,6,14,0.407,0.425,43,19,5,10
"673",1,123,96,0.563,0.36,41,29,8,11,0.468,0.292,30,24,2,14
"674",1,98,94,0.481,0.368,39,21,4,10,0.462,0.333,40,20,7,10
"675",0,111,116,0.5,0.545,35,24,9,14,0.494,0.565,40,29,5,14
"676",0,101,107,0.463,0.391,32,25,14,16,0.488,0.313,49,23,10,19
"677",1,116,108,0.5,0.6,46,28,8,11,0.494,0.375,27,33,6,8
"678",0,104,113,0.472,0.357,38,23,8,12,0.449,0.378,51,25,8,18
"679",1,127,114,0.588,0.478,37,31,17,19,0.506,0.4,28,26,11,21
"680",0,109,114,0.462,0.25,37,26,11,19,0.533,0.462,43,32,9,21
"681",0,108,112,0.425,0.429,47,23,6,15,0.416,0.341,44,26,6,13
"682",0,88,106,0.465,0.4,33,18,10,12,0.477,0.333,48,23,5,15
"683",0,114,122,0.526,0.286,34,27,11,20,0.52,0.484,33,25,9,17
"684",1,102,89,0.506,0.286,33,26,9,11,0.436,0.333,44,17,4,17
"685",0,95,109,0.432,0.389,35,15,5,15,0.5,0.348,41,23,8,14
"686",1,100,96,0.513,0.3,33,26,10,19,0.482,0.357,42,26,12,20
"687",0,98,110,0.458,0.5,34,26,8,13,0.488,0.303,45,21,8,14
"688",1,112,101,0.55,0.4,25,35,11,10,0.563,0.421,38,23,4,23
"689",1,101,94,0.437,0.222,42,16,3,6,0.467,0.333,36,20,2,11
"690",1,104,93,0.43,0.308,46,26,9,8,0.464,0.333,43,22,4,15
"691",1,99,85,0.516,0.412,34,17,13,20,0.44,0.111,36,15,14,18
"692",1,102,95,0.463,0.4,40,19,5,9,0.457,0.385,38,21,4,12
"693",1,100,97,0.443,0.296,35,27,10,8,0.41,0.364,49,20,5,17
"694",0,94,109,0.44,0.304,34,20,8,9,0.541,0.476,49,33,4,14
"695",1,108,105,0.417,0.389,48,25,6,12,0.454,0.233,54,25,8,12
"696",0,105,109,0.506,0.353,33,25,9,13,0.521,0.389,30,25,7,13
"697",1,89,79,0.449,0.593,46,28,4,16,0.407,0.278,39,21,11,9
"698",1,116,80,0.551,0.6,50,29,10,21,0.36,0.167,32,10,17,20
"699",0,99,102,0.398,0.409,43,20,8,16,0.481,0.273,44,24,10,20
"700",0,105,119,0.449,0.364,39,26,11,13,0.526,0.458,42,25,7,14
"701",1,125,99,0.525,0.481,44,28,10,10,0.465,0.333,39,16,6,17
"702",0,108,115,0.427,0.429,43,25,4,18,0.538,0.458,37,25,10,13
"703",1,110,86,0.512,0.24,48,18,7,13,0.373,0.281,40,15,9,15
"704",0,93,99,0.419,0.167,51,23,5,15,0.452,0.316,39,20,5,11
"705",0,103,112,0.444,0.368,39,26,8,14,0.506,0.222,42,19,9,12
"706",0,104,106,0.442,0.211,40,17,9,15,0.451,0.406,39,24,8,13
"707",0,91,105,0.439,0.35,41,19,4,15,0.527,0.458,35,21,8,11
"708",0,90,117,0.474,0.188,37,19,4,12,0.5,0.483,42,23,6,7
"709",0,108,116,0.444,0.375,51,17,3,14,0.458,0.406,37,30,9,8
"710",0,109,111,0.446,0.333,55,29,9,21,0.406,0.333,47,25,14,16
"711",1,115,108,0.488,0.368,41,26,8,19,0.451,0.429,34,16,11,17
"712",0,105,109,0.456,0.375,42,18,5,12,0.525,0.517,34,27,7,11
"713",1,104,90,0.451,0.484,40,26,11,14,0.422,0.25,46,20,8,19
"714",1,116,99,0.558,0.52,34,30,8,11,0.541,0.444,29,22,4,14
"715",0,89,95,0.402,0.304,47,21,11,16,0.493,0.273,41,13,10,14
"716",0,92,94,0.438,0.35,48,23,3,15,0.416,0.348,39,23,12,8
"717",1,101,92,0.563,0.375,42,30,11,18,0.462,0.464,25,24,3,14
"718",1,119,105,0.543,0.348,49,31,8,17,0.414,0.357,32,23,7,15
"719",1,96,86,0.453,0.278,42,21,11,15,0.388,0.15,47,19,10,18
"720",1,111,108,0.529,0.4,36,29,11,14,0.512,0.292,41,26,6,17
"721",0,103,109,0.444,0.37,34,27,13,11,0.519,0.556,44,21,7,18
"722",1,129,109,0.505,0.45,49,27,8,11,0.482,0.333,40,20,6,14
"723",1,111,105,0.44,0.414,50,29,3,11,0.427,0.286,48,22,7,11
"724",0,99,107,0.417,0.385,45,22,4,12,0.416,0.357,42,17,7,9
"725",0,113,115,0.538,0.455,34,25,13,10,0.523,0.536,38,27,5,17
"726",1,112,109,0.488,0.368,36,22,8,8,0.532,0.393,36,19,6,13
"727",0,106,122,0.463,0.222,34,22,11,13,0.6,0.48,43,27,8,21
"728",1,117,89,0.543,0.25,46,27,11,14,0.417,0.4,35,22,7,18
"729",0,108,116,0.488,0.391,41,27,6,9,0.512,0.333,43,27,3,10
"730",1,97,84,0.526,0.385,44,24,9,16,0.422,0.242,35,16,9,15
"731",1,107,91,0.488,0.25,50,26,10,12,0.422,0.375,36,18,9,16
"732",1,103,102,0.443,0.286,46,21,6,11,0.466,0.292,43,25,9,12
"733",1,119,104,0.523,0.476,46,27,8,15,0.429,0.269,38,15,10,15
"734",0,93,100,0.444,0.467,39,20,10,23,0.481,0.333,33,22,12,15
"735",1,119,104,0.483,0.476,40,30,9,10,0.476,0.333,42,20,4,16
"736",0,117,123,0.448,0.333,41,27,8,10,0.564,0.579,40,27,5,17
"737",1,110,109,0.488,0.444,44,26,3,11,0.442,0.344,35,24,7,5
"738",0,98,100,0.442,0.25,35,24,12,11,0.43,0.318,54,22,7,17
"739",0,102,107,0.413,0.158,33,31,16,11,0.446,0.333,58,18,7,24
"740",0,114,122,0.47,0.227,49,29,8,13,0.484,0.321,49,32,8,14
"741",0,113,117,0.439,0.346,42,23,13,13,0.484,0.313,49,30,9,15
"742",0,111,112,0.457,0.333,43,28,7,8,0.43,0.333,59,18,7,15
"743",0,99,126,0.433,0.3,42,20,4,10,0.553,0.533,47,36,8,10
"744",1,106,105,0.443,0.286,46,16,9,16,0.4,0.293,44,19,9,10
"745",1,113,101,0.549,0.375,37,31,9,8,0.375,0.353,48,19,2,14
"746",1,121,116,0.439,0.389,53,27,9,11,0.412,0.349,52,29,7,14
"747",1,117,96,0.542,0.375,45,27,10,17,0.384,0.176,41,23,12,17
"748",1,105,88,0.432,0.258,54,24,10,8,0.425,0.167,47,26,8,12
"749",0,96,114,0.459,0.25,40,21,5,11,0.511,0.417,47,27,6,9
"750",0,108,110,0.394,0.313,54,21,7,11,0.404,0.382,61,23,8,14
"751",0,88,99,0.393,0.28,47,18,3,12,0.429,0.3,46,27,8,10
"752",0,109,113,0.476,0.4,45,26,12,17,0.442,0.412,45,30,6,12
"753",1,102,95,0.424,0.37,55,23,7,16,0.414,0.143,46,23,6,12
"754",0,110,121,0.477,0.4,33,25,4,9,0.511,0.393,49,22,8,10
"755",1,91,87,0.371,0.393,51,17,9,9,0.414,0.4,59,19,4,14
"756",1,111,104,0.529,0.48,41,24,6,10,0.493,0.406,32,27,4,10
"757",1,102,98,0.46,0.345,45,23,11,6,0.394,0.297,58,15,6,11
"758",1,104,92,0.447,0.414,42,22,4,13,0.376,0.304,50,18,7,14
"759",0,94,99,0.366,0.429,52,19,8,15,0.422,0.391,55,23,9,14
"760",1,118,98,0.495,0.417,45,28,11,8,0.443,0.344,47,18,6,18
"761",0,114,143,0.41,0.324,47,21,8,9,0.578,0.5,52,24,5,16
"762",1,124,122,0.494,0.41,42,26,8,8,0.462,0.405,45,24,6,11
"763",0,105,114,0.427,0.407,46,23,7,12,0.462,0.37,55,24,6,16
"764",1,119,103,0.516,0.433,53,29,8,14,0.388,0.429,44,20,10,12
"765",0,94,107,0.452,0.313,42,25,8,14,0.506,0.476,45,28,9,10
"766",1,111,106,0.457,0.346,48,20,11,13,0.43,0.185,49,26,7,16
"767",0,94,127,0.455,0.208,37,17,6,13,0.545,0.438,48,25,9,8
"768",0,99,129,0.419,0.194,44,24,10,20,0.495,0.392,48,28,12,16
"769",1,109,86,0.5,0.36,53,18,6,14,0.388,0.13,50,13,11,7
"770",0,98,101,0.385,0.32,48,20,2,16,0.421,0.222,53,20,6,11
"771",0,87,94,0.425,0.31,40,22,6,14,0.474,0.381,42,21,6,11
"772",1,100,77,0.475,0.286,49,19,10,5,0.303,0.344,48,13,3,16
"773",1,128,112,0.533,0.353,54,29,8,13,0.407,0.325,46,18,6,12
"774",1,123,109,0.544,0.467,43,31,7,16,0.512,0.36,35,30,11,15
"775",1,95,82,0.398,0.31,51,16,8,12,0.405,0.257,41,17,7,15
"776",1,121,118,0.5,0.4,44,26,5,6,0.484,0.519,38,25,3,5
"777",1,117,89,0.484,0.303,45,28,16,12,0.389,0.3,52,18,7,20
"778",0,110,117,0.407,0.333,40,24,7,12,0.489,0.5,49,26,7,11
"779",0,131,134,0.51,0.438,35,30,5,7,0.535,0.433,50,31,3,10
"780",1,111,104,0.526,0.286,41,24,4,12,0.43,0.36,40,19,3,12
"781",0,99,118,0.435,0.4,34,18,10,16,0.472,0.375,54,25,12,19
"782",0,109,114,0.506,0.4,39,18,8,12,0.507,0.32,34,21,6,10
"783",1,110,96,0.478,0.333,50,25,11,14,0.418,0.333,40,19,9,18
"784",1,93,77,0.436,0.36,51,18,5,17,0.381,0.185,40,15,8,11
"785",1,105,102,0.452,0.36,52,24,8,9,0.494,0.348,40,19,6,10
"786",1,104,94,0.477,0.37,50,21,8,15,0.4,0.286,48,17,7,13
"787",1,107,103,0.469,0.31,43,26,8,13,0.442,0.273,44,18,5,16
"788",1,113,111,0.464,0.393,55,26,9,16,0.462,0.276,46,25,6,13
"789",0,103,112,0.396,0.316,40,20,9,5,0.5,0.364,53,25,4,14
"790",1,118,114,0.477,0.387,43,26,9,15,0.466,0.357,43,25,6,14
"791",1,106,98,0.443,0.379,58,20,5,18,0.32,0.321,51,18,13,11
"792",0,94,126,0.402,0.355,43,22,6,16,0.488,0.55,46,23,11,12
"793",1,118,111,0.5,0.565,45,24,6,14,0.429,0.261,44,22,10,9
"794",1,106,95,0.427,0.45,52,26,9,15,0.433,0.185,41,21,7,16
"795",0,114,119,0.471,0.348,49,11,5,17,0.484,0.389,39,25,10,5
"796",0,103,115,0.47,0.381,46,18,7,18,0.495,0.484,39,35,10,12
"797",0,104,105,0.447,0.464,46,26,9,13,0.474,0.321,42,20,7,13
"798",0,96,110,0.424,0.379,45,17,5,14,0.488,0.444,39,24,11,8
"799",1,104,89,0.478,0.304,48,21,3,12,0.393,0.167,43,20,5,12
"800",0,107,108,0.494,0.308,53,21,8,18,0.46,0.375,36,26,11,10
"801",0,110,113,0.467,0.292,41,20,7,10,0.5,0.406,40,29,7,15
"802",0,105,107,0.449,0.524,46,20,6,12,0.435,0.375,44,15,9,13
"803",1,110,107,0.479,0.333,48,22,8,10,0.444,0.351,47,18,5,13
"804",0,104,111,0.453,0.387,42,23,9,10,0.488,0.4,49,20,3,15
"805",0,107,121,0.451,0.333,40,16,4,16,0.431,0.286,55,19,9,7
"806",0,115,119,0.5,0.296,41,25,9,11,0.489,0.4,47,22,8,11
"807",0,123,131,0.559,0.421,33,36,10,10,0.568,0.5,44,30,6,15
"808",1,94,90,0.5,0.643,44,18,5,19,0.363,0.207,46,17,11,11
"809",1,110,109,0.473,0.286,44,21,6,11,0.421,0.226,50,19,6,11
"810",0,91,92,0.452,0.375,40,17,10,17,0.423,0.269,41,12,9,12
"811",0,105,112,0.47,0.318,47,18,5,15,0.455,0.371,35,21,11,8
"812",1,87,81,0.422,0.321,52,21,8,14,0.368,0.276,53,16,6,16
"813",0,110,121,0.466,0.167,34,20,6,7,0.477,0.313,51,19,5,13
"814",1,109,95,0.536,0.333,37,26,13,12,0.429,0.391,42,18,4,18
"815",0,88,105,0.371,0.2,52,19,2,14,0.476,0.48,40,18,11,10
"816",0,94,110,0.388,0.28,32,20,12,11,0.556,0.324,41,22,8,17
"817",1,100,91,0.472,0.261,54,26,4,14,0.376,0.222,37,22,7,14
"818",0,103,106,0.421,0.35,49,20,9,11,0.486,0.412,39,17,5,13
"819",0,97,110,0.451,0.321,36,27,6,11,0.519,0.323,41,20,8,10
"820",1,114,113,0.494,0.409,43,17,5,19,0.495,0.304,38,21,10,12
"821",1,113,110,0.417,0.238,57,13,11,22,0.447,0.179,44,15,11,15
"822",1,113,96,0.474,0.346,45,29,15,19,0.402,0.219,41,20,15,21
"823",1,112,92,0.523,0.438,41,24,9,12,0.393,0.211,41,12,7,17
"824",1,97,85,0.435,0.321,47,24,8,16,0.369,0.235,41,12,8,12
"825",0,102,112,0.419,0.353,39,18,6,19,0.518,0.423,35,25,10,11
"826",0,108,110,0.432,0.571,45,21,3,16,0.453,0.407,45,18,9,10
"827",0,117,119,0.511,0.28,42,22,4,10,0.535,0.458,38,24,4,9
"828",1,105,103,0.476,0.48,44,25,7,16,0.435,0.35,47,25,10,16
"829",1,124,105,0.551,0.269,46,23,9,16,0.422,0.379,30,19,6,16
"830",0,111,115,0.436,0.278,49,28,10,20,0.449,0.5,51,23,13,22
"831",1,106,88,0.506,0.348,43,23,4,10,0.451,0.053,32,11,7,8
"832",1,126,115,0.484,0.4,47,28,10,13,0.449,0.357,48,25,8,11
"833",1,101,92,0.461,0.214,59,24,7,15,0.367,0.214,51,15,8,11
"834",0,99,102,0.42,0.25,46,18,9,17,0.391,0.262,52,26,9,15
"835",1,99,96,0.494,0.143,49,17,9,12,0.444,0.344,40,28,9,13
"836",1,114,101,0.506,0.438,42,28,12,13,0.433,0.364,43,16,5,16
"837",0,108,110,0.448,0.286,44,13,8,12,0.547,0.391,35,24,5,15
"838",1,112,100,0.512,0.333,42,26,8,15,0.47,0.333,36,19,11,12
"839",1,114,88,0.474,0.345,44,25,9,9,0.413,0.267,38,14,4,15
"840",1,121,106,0.483,0.333,49,23,8,10,0.404,0.375,53,18,7,12
"841",1,103,95,0.444,0.308,53,21,5,16,0.413,0.292,39,18,11,10
"842",1,109,98,0.514,0.409,43,13,7,16,0.452,0.423,36,17,10,12
"843",0,100,128,0.38,0.27,37,17,6,9,0.605,0.4,42,25,7,9
"844",1,114,102,0.475,0.5,47,21,7,20,0.482,0.158,29,21,10,12
"845",1,105,99,0.408,0.222,56,18,9,12,0.402,0.357,44,15,6,12
"846",1,118,109,0.472,0.296,51,24,10,13,0.481,0.476,35,14,9,16
"847",0,114,130,0.482,0.25,43,20,7,19,0.529,0.419,40,28,10,11
"848",1,116,105,0.466,0.522,48,21,10,12,0.477,0.524,39,19,8,15
"849",1,110,93,0.454,0.417,59,28,9,17,0.396,0.2,51,23,15,13
"850",1,118,110,0.477,0.286,53,17,4,13,0.45,0.381,35,17,10,10
"851",1,109,106,0.513,0.682,42,20,5,14,0.462,0.409,33,22,8,7
"852",0,121,126,0.518,0.4,39,16,4,17,0.553,0.478,36,24,7,11
"853",1,102,92,0.461,0.3,48,23,10,11,0.417,0.316,41,15,8,15
"854",1,112,104,0.5,0.348,43,23,7,12,0.48,0.45,36,15,9,12
"855",1,110,94,0.5,0.385,49,23,7,14,0.412,0.238,35,16,9,12
"856",0,95,111,0.425,0.19,40,18,10,11,0.482,0.455,46,28,8,16
"857",1,122,97,0.545,0.25,54,26,7,16,0.425,0.32,25,19,8,9
"858",0,95,100,0.407,0.286,46,21,7,18,0.435,0.333,41,23,8,13
"859",0,101,113,0.464,0.387,42,19,10,24,0.481,0.367,37,20,18,16
"860",1,110,79,0.476,0.321,53,29,9,13,0.358,0.167,38,16,9,11
"861",0,105,111,0.426,0.32,51,20,10,12,0.459,0.28,43,22,6,15
"862",0,96,108,0.382,0.333,45,20,5,11,0.485,0.25,52,27,5,10
"863",1,102,94,0.452,0.333,44,24,5,14,0.475,0.389,39,17,8,14
"864",1,88,86,0.397,0.321,43,21,4,8,0.395,0.353,49,11,4,10
"865",0,107,123,0.447,0.333,39,20,2,9,0.517,0.565,45,27,8,6
"866",0,74,87,0.333,0.4,43,13,11,12,0.407,0.25,52,19,9,15
"867",1,89,82,0.386,0.37,50,17,7,12,0.366,0.333,48,19,5,17
"868",1,95,87,0.436,0.381,50,17,6,19,0.338,0.464,34,13,8,13
"869",0,87,92,0.363,0.28,44,17,9,11,0.452,0.409,44,15,6,17
"870",0,91,94,0.438,0.304,49,18,5,19,0.455,0.207,37,26,10,11
"871",0,96,104,0.413,0.25,46,24,6,7,0.477,0.333,53,24,6,11
"872",0,87,117,0.37,0.423,37,20,7,12,0.512,0.269,49,29,7,10
"873",0,113,121,0.489,0.407,31,27,7,5,0.566,0.421,44,25,2,12
"874",0,108,113,0.472,0.424,39,29,5,8,0.5,0.52,42,21,6,11
"875",1,118,111,0.402,0.241,49,22,8,7,0.47,0.407,45,21,5,17
"876",0,79,109,0.41,0.143,42,13,5,19,0.494,0.259,47,20,10,10
"877",1,109,90,0.506,0.407,47,25,10,14,0.356,0.348,46,16,8,16
"878",1,112,102,0.512,0.5,43,23,5,9,0.461,0.4,35,17,7,6
"879",0,101,120,0.488,0.265,33,25,7,13,0.548,0.417,46,25,7,13
"880",0,92,111,0.43,0.321,40,19,9,17,0.543,0.526,39,27,12,12
"881",0,93,100,0.418,0.348,49,18,8,15,0.453,0.306,45,26,12,15
"882",1,112,96,0.46,0.286,53,25,9,9,0.41,0.4,40,21,6,12
"883",0,98,118,0.438,0.25,41,25,9,12,0.472,0.452,52,27,8,18
"884",0,92,100,0.412,0.318,48,18,7,19,0.455,0.318,44,12,13,13
"885",0,88,98,0.403,0.25,35,17,12,14,0.478,0.45,38,25,5,17
"886",1,102,94,0.463,0.357,46,22,4,11,0.391,0.357,44,15,5,11
"887",0,111,112,0.488,0.476,47,27,4,21,0.421,0.393,45,25,13,15
"888",0,79,107,0.395,0.222,33,15,5,17,0.472,0.258,50,25,12,12
"889",0,103,112,0.395,0.318,40,18,8,14,0.506,0.5,45,20,8,19
"890",1,105,86,0.457,0.296,47,21,11,13,0.376,0.32,48,21,4,17
"891",0,90,101,0.41,0.2,43,11,3,12,0.42,0.276,50,21,9,11
"892",1,110,99,0.5,0.294,47,27,7,9,0.385,0.286,46,20,7,9
"893",0,105,113,0.471,0.281,42,23,4,13,0.465,0.429,45,26,6,9
"894",1,98,91,0.416,0.28,48,21,10,9,0.444,0.429,44,24,3,16
"895",0,104,116,0.396,0.19,52,17,6,5,0.5,0.385,52,30,1,9
"896",1,112,109,0.372,0.174,55,19,10,18,0.382,0.265,53,26,15,16
"897",0,102,109,0.455,0.35,43,26,5,14,0.467,0.333,43,24,9,10
"898",1,115,87,0.516,0.462,47,36,4,10,0.354,0.091,50,21,3,8
"899",0,106,114,0.402,0.3,53,24,9,14,0.422,0.303,57,18,11,11
"900",1,115,107,0.467,0.36,48,24,9,13,0.46,0.367,39,21,7,14
"901",0,112,127,0.488,0.467,33,29,10,13,0.593,0.5,45,35,6,15
"902",1,113,109,0.483,0.52,51,27,7,11,0.387,0.306,53,20,6,8
"903",0,97,103,0.429,0.292,43,21,5,13,0.415,0.273,53,19,7,10
"904",0,72,104,0.35,0.278,39,16,9,20,0.494,0.25,47,31,11,12
"905",0,101,103,0.494,0.45,42,28,5,15,0.452,0.24,39,29,7,10
"906",0,101,102,0.46,0.368,45,21,9,17,0.407,0.368,49,23,10,16
"907",0,84,109,0.403,0.333,42,16,5,18,0.506,0.579,45,20,10,10
"908",1,109,105,0.419,0.344,54,24,7,19,0.443,0.263,40,23,14,13
"909",1,109,102,0.545,0.357,41,30,6,17,0.418,0.348,40,18,8,11
"910",1,120,105,0.523,0.486,44,33,11,18,0.424,0.286,44,18,11,15
"911",1,101,94,0.474,0.423,40,21,8,14,0.386,0.226,50,17,7,13
"912",0,99,104,0.376,0.333,56,24,9,26,0.384,0.345,46,24,13,15
"913",0,89,105,0.397,0.409,48,18,7,19,0.444,0.286,51,24,10,12
"914",0,108,112,0.467,0.441,50,29,5,16,0.413,0.3,46,19,5,9
"915",0,88,105,0.379,0.281,46,24,3,10,0.474,0.5,47,24,8,10
"916",0,106,107,0.461,0.455,38,20,5,15,0.5,0.308,37,22,5,10
"917",0,98,106,0.407,0.355,44,20,12,17,0.461,0.37,45,17,13,19
"918",0,114,123,0.5,0.31,43,29,5,14,0.471,0.345,39,21,9,9
"919",0,89,100,0.364,0.194,48,22,7,17,0.456,0.3,46,19,10,20
"920",1,108,107,0.432,0.429,47,23,5,17,0.444,0.353,43,26,8,16
"921",0,93,108,0.402,0.333,43,18,6,13,0.43,0.588,56,28,2,11
"922",1,93,91,0.388,0.219,48,19,10,16,0.402,0.292,47,20,7,17
"923",1,98,97,0.389,0.25,47,27,7,14,0.488,0.182,40,20,7,13
"924",1,102,93,0.474,0.368,38,26,12,20,0.329,0.261,41,11,12,19
"925",1,94,89,0.449,0.333,46,20,5,22,0.395,0.25,43,17,10,9
"926",1,93,92,0.391,0.414,53,25,6,19,0.371,0.316,46,16,8,13
"927",1,121,110,0.5,0.345,38,35,8,5,0.465,0.529,46,17,4,17
"928",0,118,123,0.538,0.4,29,29,14,22,0.519,0.387,41,25,10,23
"929",1,122,119,0.542,0.355,29,32,13,14,0.554,0.448,33,31,7,20
"930",0,103,111,0.405,0.382,35,23,8,5,0.527,0.5,48,24,2,15
"931",1,117,109,0.453,0.36,38,27,15,10,0.459,0.292,49,15,4,19
"932",1,120,112,0.494,0.345,48,28,9,15,0.422,0.208,43,19,8,16
"933",0,108,119,0.451,0.294,42,24,11,22,0.449,0.207,45,31,14,13
"934",1,105,102,0.434,0.321,50,20,5,15,0.393,0.333,41,14,10,10
"935",0,106,136,0.489,0.412,36,30,5,19,0.568,0.435,44,26,11,7
"936",0,98,112,0.438,0.267,42,30,5,12,0.494,0.424,41,28,7,12
"937",1,116,74,0.525,0.414,55,32,8,16,0.345,0.217,34,21,6,12
"938",1,105,99,0.466,0.364,43,29,9,15,0.405,0.207,41,27,8,17
"939",0,92,99,0.414,0.282,40,30,7,14,0.425,0.5,47,19,7,17
"940",0,118,141,0.443,0.316,36,32,7,11,0.64,0.516,36,36,9,17
"941",0,90,102,0.363,0.212,50,19,10,13,0.429,0.32,57,27,7,16
"942",0,82,90,0.351,0.258,47,23,9,17,0.443,0.222,43,18,10,15
"943",0,111,120,0.467,0.394,33,20,10,18,0.576,0.313,44,30,9,14
"944",0,94,113,0.468,0.25,41,20,6,18,0.512,0.286,41,24,5,13
"945",0,100,106,0.411,0.348,50,19,10,11,0.422,0.276,43,27,6,15
"946",1,118,115,0.427,0.313,59,15,10,12,0.416,0.364,53,25,8,14
"947",1,107,100,0.452,0.364,49,20,7,17,0.36,0.409,41,20,11,11
"948",0,104,122,0.374,0.242,55,23,9,12,0.476,0.432,55,22,6,17
"949",0,85,98,0.405,0.231,48,17,11,25,0.4,0.318,39,16,15,17
"950",0,114,120,0.404,0.44,46,11,5,11,0.438,0.448,49,21,5,12
"951",1,109,107,0.449,0.476,41,15,11,15,0.506,0.36,40,20,9,20
"952",0,94,109,0.4,0.273,40,17,14,19,0.449,0.304,49,16,11,18
"953",0,119,120,0.458,0.341,57,21,6,16,0.392,0.4,49,24,12,11
"954",1,113,111,0.409,0.3,61,13,9,17,0.392,0.35,43,23,10,13
"955",0,92,107,0.4,0.37,35,15,9,13,0.527,0.313,50,19,6,20
"956",0,111,125,0.473,0.36,44,20,7,8,0.535,0.474,37,30,4,11
"957",1,123,116,0.532,0.462,43,25,7,20,0.506,0.419,28,23,7,19
"958",1,99,91,0.446,0.429,47,20,10,20,0.4,0.259,43,10,12,18
"959",1,99,90,0.468,0.391,49,21,7,18,0.396,0.261,43,18,8,12
"960",0,116,120,0.529,0.333,36,23,12,14,0.537,0.441,38,15,8,20
"961",0,108,113,0.487,0.556,47,15,2,19,0.483,0.441,32,29,11,9
"962",1,108,105,0.459,0.381,45,18,10,15,0.507,0.45,33,15,8,16
"963",0,101,106,0.494,0.227,39,13,4,9,0.461,0.348,46,22,4,8
"964",0,111,112,0.442,0.368,44,20,7,15,0.524,0.353,42,24,8,15
"965",0,112,123,0.451,0.286,43,20,9,10,0.488,0.32,48,17,7,14
"966",0,96,115,0.419,0.263,42,11,8,17,0.488,0.571,44,25,13,17
"967",0,114,124,0.406,0.35,44,21,5,12,0.518,0.263,46,20,9,10
"968",0,112,137,0.418,0.393,40,22,9,16,0.634,0.412,44,29,9,16
"969",1,115,97,0.505,0.421,43,25,4,8,0.43,0.263,41,20,7,11
"970",0,108,110,0.43,0.348,43,14,7,18,0.474,0.286,37,19,8,16
"971",1,137,101,0.557,0.417,59,32,7,15,0.376,0.346,36,16,9,12
"972",1,120,103,0.597,0.368,42,30,8,18,0.393,0.294,34,19,14,16
"973",1,118,111,0.494,0.238,45,28,10,17,0.425,0.257,47,14,10,19
"974",1,109,106,0.447,0.2,50,16,7,11,0.376,0.351,54,19,6,12
"975",0,127,131,0.5,0.481,49,23,5,19,0.456,0.389,44,19,15,11
"976",0,110,122,0.462,0.316,54,20,7,19,0.48,0.444,42,21,11,9
"977",0,101,110,0.441,0.357,41,20,5,9,0.5,0.318,49,14,7,14
"978",0,101,107,0.402,0.24,47,24,9,13,0.481,0.429,48,22,8,18
"979",0,103,109,0.437,0.143,49,18,9,16,0.438,0.304,43,21,10,12
"980",0,118,124,0.533,0.304,43,24,6,14,0.55,0.545,39,20,4,14
"981",0,116,123,0.42,0.235,61,24,8,23,0.47,0.368,46,23,8,15
"982",0,111,120,0.417,0.259,55,26,13,16,0.506,0.433,39,25,13,15
"983",1,120,99,0.518,0.444,45,16,6,7,0.37,0.233,48,13,1,9
"984",1,124,111,0.55,0.421,43,26,6,12,0.423,0.356,44,23,5,10
"985",1,113,104,0.52,0.684,34,22,5,12,0.488,0.333,31,19,9,11
"986",0,106,114,0.459,0.222,48,18,4,14,0.407,0.276,48,12,10,7
"987",0,104,127,0.43,0.359,32,23,12,18,0.562,0.385,45,36,14,16
"988",1,124,121,0.556,0.452,35,22,5,20,0.5,0.333,41,18,10,16
"989",1,122,120,0.523,0.394,36,29,8,11,0.489,0.286,48,18,7,15
"990",1,112,105,0.394,0.276,44,21,8,7,0.396,0.379,59,11,4,18
"991",0,88,113,0.358,0.265,49,17,8,11,0.418,0.35,67,16,7,10
"992",1,119,104,0.47,0.375,52,30,7,11,0.474,0.565,34,20,3,14
"993",0,114,130,0.482,0.364,35,24,7,14,0.561,0.472,36,26,7,11
"994",1,131,109,0.543,0.375,40,29,13,6,0.5,0.429,32,19,3,15
"995",1,99,92,0.404,0.375,47,19,6,8,0.442,0.273,46,23,6,13
"996",1,114,95,0.538,0.348,37,23,11,14,0.379,0.296,43,18,10,21
"997",0,95,96,0.444,0.37,43,15,6,17,0.422,0.226,38,14,12,10
"998",0,90,110,0.443,0.4,33,21,8,15,0.5,0.6,45,19,9,12
"999",0,91,95,0.422,0.348,54,22,8,18,0.337,0.353,52,17,11,12
"1000",1,102,89,0.473,0.48,45,19,6,15,0.392,0.321,39,20,8,11
"1001",1,118,109,0.531,0.364,47,29,6,13,0.419,0.323,40,15,7,11
"1002",0,124,125,0.52,0.429,42,36,5,16,0.514,0.32,41,19,14,9
"1003",1,102,86,0.43,0.333,51,29,6,9,0.341,0.3,48,14,5,15
"1004",0,109,115,0.402,0.294,43,19,6,9,0.494,0.556,45,21,5,15
"1005",1,105,98,0.478,0.267,49,17,5,11,0.394,0.367,51,16,5,13
"1006",1,112,109,0.469,0.457,33,24,2,12,0.481,0.346,42,24,6,11
"1007",0,111,113,0.495,0.37,42,26,11,18,0.456,0.308,39,28,13,18
"1008",1,115,98,0.452,0.355,51,23,8,8,0.398,0.355,42,20,3,9
"1009",0,104,108,0.455,0.3,44,16,3,9,0.474,0.548,36,15,3,4
"1010",0,111,120,0.506,0.346,41,23,4,15,0.484,0.333,43,23,8,8
"1011",0,104,109,0.359,0.381,66,22,4,14,0.386,0.286,52,20,9,9
"1012",1,114,109,0.494,0.4,45,19,9,14,0.395,0.379,40,11,9,12
"1013",1,130,116,0.57,0.64,37,29,9,12,0.523,0.467,31,24,7,13
"1014",1,114,108,0.455,0.286,55,25,8,19,0.436,0.379,44,18,10,16
"1015",0,124,125,0.511,0.5,43,26,4,14,0.522,0.48,46,27,5,11
"1016",0,90,93,0.422,0.19,49,15,8,14,0.422,0.438,49,16,8,13
"1017",1,110,95,0.488,0.524,50,15,8,13,0.409,0.227,40,23,5,11
"1018",1,112,100,0.634,0.5,35,24,5,14,0.487,0.2,27,15,10,7
"1019",1,122,113,0.495,0.296,47,15,8,9,0.468,0.3,47,23,3,12
"1020",1,117,107,0.478,0.394,41,24,12,12,0.44,0.235,42,18,9,18
"1021",1,130,117,0.467,0.405,41,21,12,12,0.524,0.3,43,17,8,17
"1022",1,105,98,0.432,0.424,41,19,8,12,0.437,0.222,47,16,7,13
"1023",1,101,86,0.407,0.433,47,15,5,3,0.397,0.316,47,19,2,10
"1024",1,99,98,0.416,0.444,42,18,6,9,0.458,0.381,47,17,4,15
"1025",0,100,103,0.482,0.433,53,22,4,23,0.444,0.333,42,20,13,11
"1026",0,94,102,0.4,0.3,40,22,7,15,0.456,0.333,40,23,10,9
"1027",1,106,103,0.459,0.346,31,24,6,13,0.529,0.318,36,19,6,11
"1028",1,102,94,0.481,0.32,39,24,7,10,0.452,0.238,40,23,5,10
"1029",0,91,101,0.4,0.381,43,18,13,15,0.514,0.333,42,18,8,21
"1030",0,105,110,0.474,0.45,46,21,5,16,0.489,0.367,37,29,11,11
"1031",0,115,121,0.442,0.385,37,21,7,14,0.526,0.448,37,27,7,14
"1032",1,102,99,0.444,0.407,37,26,8,13,0.4,0.375,48,16,7,15
"1033",1,116,101,0.468,0.429,46,26,4,11,0.421,0.28,38,18,7,9
"1034",0,104,117,0.488,0.281,37,24,7,14,0.471,0.42,42,27,8,14
"1035",0,100,103,0.402,0.25,39,24,10,7,0.429,0.345,54,22,3,16
"1036",1,116,92,0.56,0.435,47,23,16,21,0.393,0.435,39,18,12,19
"1037",1,126,121,0.556,0.435,31,20,3,10,0.512,0.143,41,30,5,8
"1038",1,102,100,0.448,0.28,42,24,11,19,0.494,0.36,38,20,13,22
"1039",0,98,112,0.431,0.393,39,17,6,12,0.506,0.486,40,25,6,7
"1040",0,102,107,0.513,0.4,26,26,8,16,0.486,0.429,39,24,8,18
"1041",0,98,106,0.414,0.3,50,23,4,6,0.464,0.419,45,28,6,8
"1042",0,106,117,0.486,0.393,31,21,13,18,0.506,0.345,46,33,11,17
"1043",1,100,94,0.438,0.565,45,21,6,16,0.439,0.444,35,14,12,12
"1044",0,108,120,0.525,0.36,42,23,7,21,0.506,0.405,39,27,11,12
"1045",0,118,122,0.457,0.36,44,24,13,22,0.444,0.321,44,20,14,19
"1046",0,100,106,0.486,0.429,36,28,9,21,0.52,0.333,32,22,11,14
"1047",0,103,105,0.447,0.37,43,23,5,13,0.416,0.414,39,11,7,11
"1048",1,109,106,0.489,0.304,46,25,11,16,0.414,0.341,40,22,10,17
"1049",0,107,112,0.519,0.393,40,27,4,15,0.531,0.316,35,21,10,8
"1050",1,108,92,0.5,0.4,40,24,11,14,0.397,0.313,39,18,8,17
"1051",1,108,107,0.475,0.5,39,27,12,18,0.507,0.367,37,19,6,16
"1052",1,105,99,0.449,0.355,46,23,11,19,0.415,0.419,36,23,10,17
"1053",1,116,100,0.523,0.5,46,26,8,14,0.443,0.343,43,23,10,16
"1054",0,85,99,0.392,0.393,41,18,3,14,0.4,0.368,50,26,10,10
"1055",0,88,102,0.439,0.353,42,23,6,18,0.421,0.348,52,25,11,10
"1056",0,100,109,0.432,0.5,38,12,8,15,0.459,0.393,43,16,8,18
"1057",0,109,110,0.518,0.471,37,24,8,12,0.456,0.303,47,24,8,13
"1058",0,122,130,0.478,0.522,40,27,5,10,0.5,0.346,52,29,7,9
"1059",0,92,105,0.439,0.348,41,24,4,12,0.471,0.265,44,21,8,9
"1060",1,120,115,0.537,0.533,41,24,8,15,0.459,0.382,44,32,10,12
"1061",0,98,116,0.488,0.385,37,19,6,12,0.531,0.457,38,28,9,10
"1062",1,91,90,0.463,0.24,36,16,4,11,0.344,0.192,45,15,4,7
"1063",0,82,112,0.453,0.133,32,14,7,13,0.532,0.419,43,22,10,11
"1064",1,98,87,0.444,0.545,51,17,11,18,0.4,0.279,39,21,9,16
"1065",0,128,135,0.5,0.29,38,26,8,5,0.563,0.419,41,26,3,16
"1066",1,129,104,0.518,0.474,55,28,7,13,0.376,0.267,48,19,8,9
"1067",1,98,79,0.422,0.417,50,21,6,9,0.372,0.182,45,14,6,9
"1068",0,91,106,0.434,0.3,34,19,6,9,0.5,0.484,39,22,5,10
"1069",0,92,116,0.405,0.4,40,19,5,15,0.516,0.391,41,24,8,8
"1070",0,99,101,0.393,0.304,39,22,14,10,0.474,0.333,45,25,7,19
"1071",1,96,86,0.444,0.45,45,24,8,8,0.421,0.2,42,14,2,11
"1072",1,94,90,0.402,0.533,52,24,4,17,0.44,0.267,41,22,14,13
"1073",1,96,91,0.467,0.4,39,24,9,13,0.473,0.296,40,16,10,17
"1074",0,83,95,0.368,0.25,45,19,9,18,0.453,0.4,40,25,12,13
"1075",1,107,105,0.488,0.4,37,27,11,15,0.506,0.636,43,25,13,18
"1076",1,130,101,0.532,0.538,49,38,11,10,0.414,0.259,47,21,6,16
"1077",1,108,101,0.55,0.364,38,33,9,16,0.44,0.323,35,25,12,12
"1078",1,113,100,0.488,0.5,49,31,6,13,0.461,0.385,37,29,8,10
"1079",1,119,100,0.565,0.5,43,30,7,13,0.453,0.389,38,20,9,14
"1080",1,119,98,0.54,0.294,46,20,11,16,0.486,0.438,33,20,11,21
"1081",1,110,94,0.5,0.5,48,22,7,16,0.455,0.3,25,19,10,11
"1082",1,110,82,0.551,0.542,43,32,7,15,0.373,0.222,43,8,8,12
"1083",1,102,85,0.404,0.382,43,29,9,7,0.4,0.19,48,18,5,15
"1084",0,107,109,0.477,0.4,41,22,5,14,0.524,0.526,38,32,8,12
"1085",1,134,94,0.605,0.476,46,32,5,12,0.412,0.3,29,23,6,9
"1086",1,122,114,0.512,0.444,34,27,9,7,0.493,0.462,39,26,5,18
"1087",1,118,104,0.512,0.409,43,28,12,7,0.407,0.323,43,27,5,15
"1088",0,101,105,0.47,0.364,45,26,2,11,0.448,0.353,41,20,6,6
"1089",1,108,94,0.43,0.333,50,16,12,17,0.353,0.25,50,21,12,20
"1090",1,102,86,0.427,0.286,59,26,13,19,0.341,0.36,46,21,10,21
"1091",1,121,97,0.57,0.476,38,29,13,14,0.446,0.385,42,22,7,21
"1092",1,100,99,0.473,0.31,36,20,8,18,0.457,0.304,41,22,13,17
"1093",1,97,90,0.404,0.25,49,16,10,12,0.393,0.25,55,24,6,14
"1094",1,112,110,0.455,0.393,44,24,6,9,0.466,0.359,43,19,3,12
"1095",1,114,104,0.5,0.483,43,33,9,12,0.488,0.368,42,20,7,13
"1096",1,107,85,0.519,0.444,46,27,6,18,0.359,0.294,49,19,10,15
"1097",1,107,99,0.481,0.471,44,31,6,21,0.457,0.273,36,27,13,16
"1098",0,106,110,0.477,0.423,41,28,7,14,0.475,0.409,39,21,10,11
"1099",1,118,102,0.494,0.393,45,31,9,6,0.494,0.7,40,29,4,11
"1100",1,97,90,0.481,0.308,35,26,6,6,0.436,0.345,42,18,4,13
"1101",1,106,98,0.455,0.4,50,28,11,14,0.471,0.3,45,24,6,16
"1102",1,103,74,0.477,0.269,52,24,11,12,0.373,0.154,40,20,8,16
"1103",0,98,110,0.41,0.375,42,20,9,15,0.506,0.5,35,31,7,15
"1104",1,109,103,0.519,0.526,42,26,7,13,0.483,0.375,36,24,6,10
"1105",1,95,89,0.438,0.524,46,22,8,15,0.393,0.32,50,26,9,15
"1106",0,95,102,0.438,0.371,37,28,8,14,0.488,0.5,47,23,8,16
"1107",0,87,98,0.425,0.364,40,20,3,13,0.5,0.273,45,21,8,6
"1108",1,109,91,0.477,0.167,51,17,8,11,0.417,0.182,40,17,8,13
"1109",0,91,94,0.389,0.25,51,12,9,18,0.418,0.375,40,20,8,17
"1110",1,105,102,0.466,0.25,43,16,7,7,0.407,0.409,46,14,2,8
"1111",1,96,87,0.44,0.24,50,14,7,15,0.386,0.321,43,19,10,13
"1112",0,91,96,0.357,0.233,43,22,6,6,0.436,0.313,47,21,4,9
"1113",1,118,107,0.47,0.318,44,18,10,11,0.454,0.304,49,19,3,16
"1114",0,121,127,0.451,0.4,46,16,8,14,0.506,0.361,35,33,9,12
"1115",1,122,95,0.545,0.684,42,22,11,12,0.419,0.412,38,27,9,14
"1116",1,120,105,0.551,0.5,43,23,7,18,0.439,0.407,30,16,13,14
"1117",1,113,80,0.542,0.414,44,25,8,10,0.344,0.231,46,16,6,16
"1118",1,128,84,0.576,0.542,48,28,14,12,0.398,0.25,38,21,7,18
"1119",0,112,116,0.432,0.406,33,22,8,7,0.476,0.438,48,21,4,14
"1120",1,124,110,0.494,0.444,42,25,5,8,0.511,0.321,43,19,3,13
"1121",1,122,100,0.519,0.56,46,26,7,14,0.472,0.167,37,27,8,11
"1122",0,121,125,0.547,0.476,28,20,7,9,0.535,0.44,44,26,6,14
"1123",1,116,104,0.462,0.444,48,19,13,13,0.396,0.286,52,20,9,16
"1124",1,101,93,0.396,0.381,45,14,10,4,0.466,0.35,46,16,2,18
"1125",0,122,129,0.538,0.44,39,19,7,17,0.517,0.289,39,27,9,15
"1126",1,114,106,0.471,0.455,50,17,9,17,0.471,0.333,33,21,7,14
"1127",1,132,113,0.536,0.393,49,21,7,8,0.465,0.472,35,26,5,11
"1128",1,116,101,0.494,0.364,42,21,9,10,0.417,0.414,41,21,7,14
"1129",0,103,115,0.398,0.259,35,19,9,9,0.506,0.409,45,20,6,15
"1130",0,106,108,0.452,0.24,45,10,9,13,0.447,0.292,36,20,7,12
"1131",1,102,86,0.44,0.4,47,20,9,14,0.388,0.304,43,19,6,19
"1132",0,113,114,0.456,0.429,40,19,8,11,0.532,0.435,36,25,6,12
"1133",1,108,106,0.457,0.323,54,19,5,14,0.426,0.4,47,17,11,11
"1134",1,118,109,0.488,0.417,47,20,6,9,0.467,0.371,39,24,7,9
"1135",0,101,102,0.507,0.5,38,18,4,9,0.429,0.258,41,12,8,7
"1136",1,90,85,0.381,0.375,46,19,8,14,0.421,0.342,44,21,9,17
"1137",1,107,97,0.494,0.333,41,15,7,9,0.423,0.316,36,19,4,11
"1138",1,112,106,0.538,0.35,39,16,7,10,0.443,0.429,39,16,6,9
"1139",0,96,105,0.367,0.35,50,11,8,11,0.476,0.36,44,32,6,12
"1140",1,100,78,0.474,0.36,55,19,7,12,0.365,0.28,34,21,4,7
"1141",0,102,123,0.457,0.25,32,15,10,14,0.534,0.56,47,33,10,18
"1142",1,116,91,0.495,0.444,51,25,7,16,0.413,0.261,33,22,7,13
"1143",1,122,120,0.495,0.348,50,18,6,16,0.467,0.378,39,25,9,14
"1144",1,131,112,0.59,0.667,43,24,7,15,0.489,0.2,33,19,11,11
"1145",0,106,110,0.458,0.355,44,23,4,13,0.453,0.5,38,23,6,8
"1146",1,111,100,0.451,0.519,53,23,7,14,0.414,0.423,42,19,7,13
"1147",1,113,105,0.541,0.316,37,25,12,15,0.45,0.306,37,25,8,19
"1148",1,96,94,0.412,0.45,44,14,10,15,0.398,0.348,44,16,10,19
"1149",1,96,89,0.413,0.24,47,14,4,14,0.381,0.391,43,16,6,14
"1150",1,97,81,0.455,0.48,41,18,6,12,0.429,0.269,36,18,4,12
"1151",0,86,100,0.375,0.423,42,15,7,12,0.446,0.3,49,17,9,11
"1152",0,96,102,0.479,0.286,29,17,8,8,0.474,0.381,44,13,4,16
"1153",0,77,85,0.385,0.2,48,11,4,13,0.367,0.294,46,8,7,8
"1154",1,108,83,0.494,0.308,51,19,4,14,0.318,0.333,49,14,5,10
"1155",1,95,68,0.438,0.294,55,17,9,16,0.313,0.32,40,11,8,14
"1156",1,120,101,0.554,0.536,40,23,4,8,0.407,0.367,38,14,5,7
"1157",0,110,111,0.548,0.567,31,24,5,11,0.512,0.421,40,16,7,6
"1158",1,105,98,0.449,0.36,40,20,8,9,0.446,0.542,37,19,7,14
"1159",1,112,105,0.493,0.444,35,23,7,15,0.464,0.333,41,14,5,17
"1160",0,99,106,0.416,0.263,46,20,8,15,0.488,0.414,47,26,10,16
"1161",1,104,84,0.481,0.448,54,23,9,22,0.378,0.346,34,17,10,10
"1162",1,109,89,0.583,0.565,38,22,4,14,0.366,0.316,38,14,4,9
"1163",1,103,100,0.569,0.364,41,18,4,16,0.455,0.429,27,18,9,6
"1164",0,93,94,0.446,0.333,43,19,7,11,0.459,0.476,41,13,5,10
"1165",0,98,104,0.443,0.37,40,21,7,16,0.531,0.381,36,12,12,10
"1166",1,100,83,0.479,0.577,43,21,9,14,0.402,0.25,41,16,6,15
"1167",1,91,86,0.479,0.4,46,17,3,15,0.414,0.412,41,9,6,9
"1168",1,100,92,0.481,0.382,46,22,8,18,0.365,0.29,42,15,6,16
"1169",1,110,77,0.538,0.516,47,22,10,12,0.395,0.353,35,15,5,13
"1170",1,114,107,0.494,0.269,44,28,6,13,0.463,0.353,40,23,10,14
"1171",1,109,100,0.464,0.25,42,24,11,14,0.506,0.5,36,17,10,16
"1172",0,95,97,0.429,0.238,42,16,10,10,0.434,0.3,45,17,6,10
"1173",1,96,88,0.407,0.231,44,13,7,8,0.429,0.286,48,13,5,12
"1174",0,95,102,0.468,0.4,31,19,3,13,0.513,0.423,31,13,8,7
"1175",1,104,88,0.462,0.379,46,22,11,15,0.438,0.391,39,19,10,17
"1176",1,105,98,0.469,0.394,51,16,5,13,0.427,0.394,38,20,7,9
"1177",0,104,112,0.407,0.258,39,16,9,9,0.592,0.433,37,20,6,16
"1178",0,72,88,0.322,0.174,49,14,5,10,0.444,0.36,49,16,7,13
"1179",1,111,88,0.519,0.5,46,19,9,14,0.405,0.409,41,14,9,16
"1180",0,80,107,0.389,0.211,46,18,6,14,0.5,0.5,48,23,11,10
"1181",1,112,97,0.514,0.462,45,25,7,13,0.404,0.233,42,12,6,12
"1182",1,88,83,0.407,0.37,46,16,10,19,0.357,0.303,47,16,11,20
"1183",1,114,108,0.526,0.667,42,22,1,7,0.5,0.4,28,16,4,6
"1184",1,108,101,0.456,0.25,48,18,5,8,0.475,0.429,36,19,5,11
"1185",1,108,100,0.482,0.556,49,27,6,10,0.463,0.4,37,17,7,9
"1186",1,95,88,0.458,0.4,42,20,9,10,0.402,0.294,45,12,8,14
"1187",1,106,87,0.527,0.565,47,21,4,14,0.398,0.231,29,10,8,7
"1188",1,120,113,0.6,0.56,33,29,8,14,0.494,0.438,34,22,11,12
"1189",1,101,97,0.506,0.385,36,24,10,16,0.453,0.381,42,16,12,15
"1190",0,103,113,0.583,0.3,36,21,8,20,0.558,0.4,31,21,16,13
"1191",1,95,92,0.388,0.25,46,13,7,19,0.386,0.2,47,22,12,18
"1192",0,106,114,0.415,0.37,45,20,12,13,0.519,0.459,37,28,6,18
"1193",1,118,93,0.5,0.476,54,29,9,11,0.432,0.323,31,21,5,11
"1194",0,94,105,0.437,0.2,46,16,7,15,0.419,0.424,47,16,9,15
"1195",1,119,112,0.543,0.6,37,26,7,15,0.477,0.414,36,23,9,13
"1196",0,111,114,0.472,0.407,40,22,9,11,0.506,0.481,47,21,6,16
"1197",1,106,101,0.407,0.357,45,25,8,11,0.429,0.407,52,22,3,21
"1198",0,100,112,0.477,0.273,40,21,11,12,0.533,0.375,38,22,7,14
"1199",1,101,95,0.412,0.4,49,22,11,23,0.409,0.143,44,20,15,20
"1200",0,116,124,0.473,0.478,42,20,5,10,0.518,0.462,43,24,7,11
"1201",1,92,85,0.449,0.316,35,21,11,18,0.408,0.219,45,24,8,27
"1202",1,110,105,0.455,0.381,40,29,10,9,0.506,0.52,40,22,1,20
"1203",1,109,106,0.517,0.278,41,27,15,14,0.514,0.424,33,25,7,18
"1204",1,122,108,0.571,0.48,36,30,6,5,0.488,0.357,40,22,3,9
"1205",1,117,110,0.531,0.526,33,24,10,15,0.494,0.292,40,28,7,15
"1206",1,107,102,0.506,0.414,40,29,7,16,0.46,0.3,42,27,8,13
"1207",1,111,105,0.487,0.364,54,21,8,18,0.443,0.393,34,24,10,13
"1208",1,118,95,0.566,0.5,44,28,12,19,0.432,0.4,32,18,9,21
"1209",1,112,105,0.582,0.545,33,31,3,13,0.477,0.389,38,22,6,10
"1210",1,101,99,0.506,0.5,42,24,8,21,0.398,0.37,44,19,10,17
"1211",1,109,93,0.484,0.471,50,18,9,11,0.414,0.323,49,20,6,16
"1212",1,120,101,0.488,0.565,51,26,10,12,0.42,0.308,45,22,6,15
"1213",1,104,101,0.45,0.276,45,27,7,11,0.398,0.32,45,20,8,12
"1214",1,123,108,0.571,0.45,43,21,7,15,0.452,0.303,32,24,10,13
"1215",1,117,101,0.557,0.318,46,27,4,12,0.366,0.208,51,18,8,12
"1216",1,116,108,0.458,0.364,45,27,11,10,0.46,0.308,47,19,6,20
"1217",1,105,91,0.458,0.323,46,20,10,12,0.44,0.294,42,18,4,15
"1218",0,135,140,0.505,0.414,43,29,9,12,0.533,0.5,46,31,7,20
"1219",1,112,107,0.466,0.345,46,29,8,11,0.489,0.19,42,29,3,11
"1220",1,120,98,0.575,0.65,40,27,4,22,0.354,0.206,47,16,10,15
"1221",0,92,102,0.425,0.364,28,21,16,16,0.472,0.458,50,18,10,24
"1222",1,112,108,0.451,0.429,46,29,11,19,0.464,0.276,41,28,10,19
"1223",0,106,114,0.37,0.333,45,23,8,11,0.506,0.44,51,16,5,17
"1224",1,115,114,0.481,0.538,38,26,9,12,0.494,0.4,43,16,9,14
"1225",0,107,112,0.488,0.4,42,30,4,12,0.506,0.438,40,24,5,10
"1226",1,112,107,0.455,0.385,40,34,5,10,0.5,0.259,53,28,5,18
"1227",1,104,100,0.4,0.324,54,23,9,19,0.395,0.32,44,20,11,16
"1228",1,129,108,0.505,0.385,46,29,9,10,0.524,0.2,38,24,5,14
"1229",1,118,111,0.506,0.5,36,31,10,12,0.506,0.353,37,21,5,16
"1230",0,103,106,0.481,0.364,44,21,7,19,0.463,0.389,36,23,13,13
